<?xml version="1.0" encoding="UTF-8"?>
<osm version="0.6" generator="openstreetmap-cgimap 2.1.0 (2942785 spike-08.openstreetmap.org)" copyright="OpenStreetMap and contributors" attribution="http://www.openstreetmap.org/copyright" license="http://opendatacommons.org/licenses/odbl/1-0/">
 <bounds minlat="13.0688000" minlon="77.7930000" maxlat="13.0710000" maxlon="77.7955000"/>
 <node id="308465960" visible="true" version="6" changeset="50265404" timestamp="2017-07-13T18:46:41Z" user="indigomc" uid="136860" lat="13.0693415" lon="77.7868805"/>
 <node id="579293608" visible="true" version="1" changeset="3278675" timestamp="2009-12-03T08:21:46Z" user="Guillaume Audirac" uid="89411" lat="13.0691998" lon="77.7982190"/>
 <node id="579293692" visible="true" version="1" changeset="3278675" timestamp="2009-12-03T08:21:50Z" user="Guillaume Audirac" uid="89411" lat="13.0691371" lon="77.7972964"/>
 <node id="579293696" visible="true" version="1" changeset="3278675" timestamp="2009-12-03T08:21:50Z" user="Guillaume Audirac" uid="89411" lat="13.0691267" lon="77.7968457"/>
 <node id="579293699" visible="true" version="1" changeset="3278675" timestamp="2009-12-03T08:21:50Z" user="Guillaume Audirac" uid="89411" lat="13.0691476" lon="77.7935949"/>
 <node id="579293700" visible="true" version="1" changeset="3278675" timestamp="2009-12-03T08:21:50Z" user="Guillaume Audirac" uid="89411" lat="13.0690222" lon="77.7934447"/>
 <node id="579293702" visible="true" version="1" changeset="3278675" timestamp="2009-12-03T08:21:50Z" user="Guillaume Audirac" uid="89411" lat="13.0689176" lon="77.7930906"/>
 <node id="579293705" visible="true" version="1" changeset="3278675" timestamp="2009-12-03T08:21:50Z" user="Guillaume Audirac" uid="89411" lat="13.0690535" lon="77.7918676"/>
 <node id="579293707" visible="true" version="2" changeset="123871385" timestamp="2022-07-21T02:25:43Z" user="BhargavKrish2122" uid="14196197" lat="13.0691371" lon="77.7910521"/>
 <node id="579293710" visible="true" version="2" changeset="123871385" timestamp="2022-07-21T02:25:43Z" user="BhargavKrish2122" uid="14196197" lat="13.0691606" lon="77.7905184"/>
 <node id="579293712" visible="true" version="1" changeset="3278675" timestamp="2009-12-03T08:21:50Z" user="Guillaume Audirac" uid="89411" lat="13.0692103" lon="77.7886811"/>
 <node id="579293714" visible="true" version="2" changeset="65571095" timestamp="2018-12-18T06:02:06Z" user="vijay kumar reddy b" uid="9086402" lat="13.0692299" lon="77.7879663"/>
 <node id="579293718" visible="true" version="1" changeset="3278675" timestamp="2009-12-03T08:21:50Z" user="Guillaume Audirac" uid="89411" lat="13.0692625" lon="77.7870610"/>
 <node id="2246105111" visible="true" version="3" changeset="156772798" timestamp="2024-09-18T13:04:27Z" user="chandrashekaru" uid="19582889" lat="13.0667766" lon="77.7939012"/>
 <node id="2246105115" visible="true" version="1" changeset="15591473" timestamp="2013-04-03T08:31:45Z" user="sathishwrn1707" uid="1324241" lat="13.0672340" lon="77.7938333"/>
 <node id="2246105120" visible="true" version="1" changeset="15591473" timestamp="2013-04-03T08:31:45Z" user="sathishwrn1707" uid="1324241" lat="13.0675057" lon="77.7938142"/>
 <node id="2246105124" visible="true" version="1" changeset="15591473" timestamp="2013-04-03T08:31:45Z" user="sathishwrn1707" uid="1324241" lat="13.0677848" lon="77.7937646"/>
 <node id="2246105129" visible="true" version="1" changeset="15591473" timestamp="2013-04-03T08:31:46Z" user="sathishwrn1707" uid="1324241" lat="13.0681049" lon="77.7937225"/>
 <node id="2246105140" visible="true" version="1" changeset="15591473" timestamp="2013-04-03T08:31:46Z" user="sathishwrn1707" uid="1324241" lat="13.0690822" lon="77.7916798"/>
 <node id="2246105172" visible="true" version="1" changeset="15591473" timestamp="2013-04-03T08:31:46Z" user="sathishwrn1707" uid="1324241" lat="13.0701148" lon="77.7935506"/>
 <node id="2246105192" visible="true" version="2" changeset="65567503" timestamp="2018-12-18T01:35:57Z" user="Nitin_Raj" uid="9086386" lat="13.0704658" lon="77.7918248"/>
 <node id="2246105197" visible="true" version="2" changeset="144889482" timestamp="2023-12-08T06:37:37Z" user="mdtauhid" uid="19369851" lat="13.0705956" lon="77.7935036"/>
 <node id="2246105203" visible="true" version="2" changeset="144889482" timestamp="2023-12-08T06:37:37Z" user="mdtauhid" uid="19369851" lat="13.0708182" lon="77.7934575"/>
 <node id="2246105207" visible="true" version="2" changeset="144889482" timestamp="2023-12-08T06:37:37Z" user="mdtauhid" uid="19369851" lat="13.0709766" lon="77.7934119"/>
 <node id="2246105229" visible="true" version="2" changeset="144889482" timestamp="2023-12-08T06:37:37Z" user="mdtauhid" uid="19369851" lat="13.0714824" lon="77.7932502"/>
 <node id="2246105240" visible="true" version="2" changeset="144889482" timestamp="2023-12-08T06:37:37Z" user="mdtauhid" uid="19369851" lat="13.0718548" lon="77.7931549"/>
 <node id="2246105262" visible="true" version="1" changeset="15591473" timestamp="2013-04-03T08:31:48Z" user="sathishwrn1707" uid="1324241" lat="13.0723777" lon="77.7931609"/>
 <node id="2246105298" visible="true" version="1" changeset="15591473" timestamp="2013-04-03T08:31:49Z" user="sathishwrn1707" uid="1324241" lat="13.0728504" lon="77.7931647"/>
 <node id="2246105373" visible="true" version="1" changeset="15591473" timestamp="2013-04-03T08:31:49Z" user="sathishwrn1707" uid="1324241" lat="13.0733827" lon="77.7931379"/>
 <node id="2247601527" visible="true" version="2" changeset="156772798" timestamp="2024-09-18T13:04:27Z" user="chandrashekaru" uid="19582889" lat="13.0670643" lon="77.7938274"/>
 <node id="2247601538" visible="true" version="1" changeset="15602842" timestamp="2013-04-04T03:32:11Z" user="sathishwrn1707" uid="1324241" lat="13.0674536" lon="77.7938179"/>
 <node id="2247601540" visible="true" version="1" changeset="15602842" timestamp="2013-04-04T03:32:11Z" user="sathishwrn1707" uid="1324241" lat="13.0675797" lon="77.7938011"/>
 <node id="2247601553" visible="true" version="1" changeset="15602842" timestamp="2013-04-04T03:32:11Z" user="sathishwrn1707" uid="1324241" lat="13.0679306" lon="77.7937454"/>
 <node id="2247601608" visible="true" version="1" changeset="15602842" timestamp="2013-04-04T03:32:13Z" user="sathishwrn1707" uid="1324241" lat="13.0689254" lon="77.7930204"/>
 <node id="2247601612" visible="true" version="1" changeset="15602842" timestamp="2013-04-04T03:32:13Z" user="sathishwrn1707" uid="1324241" lat="13.0690011" lon="77.7923388"/>
 <node id="2247601615" visible="true" version="1" changeset="15602842" timestamp="2013-04-04T03:32:13Z" user="sathishwrn1707" uid="1324241" lat="13.0691285" lon="77.7965690"/>
 <node id="2247601616" visible="true" version="1" changeset="15602842" timestamp="2013-04-04T03:32:13Z" user="sathishwrn1707" uid="1324241" lat="13.0691303" lon="77.7962841"/>
 <node id="2247601617" visible="true" version="1" changeset="15602842" timestamp="2013-04-04T03:32:13Z" user="sathishwrn1707" uid="1324241" lat="13.0691343" lon="77.7956666"/>
 <node id="2247601618" visible="true" version="1" changeset="15602842" timestamp="2013-04-04T03:32:13Z" user="sathishwrn1707" uid="1324241" lat="13.0691359" lon="77.7972444"/>
 <node id="2247601620" visible="true" version="2" changeset="123871385" timestamp="2022-07-21T02:25:43Z" user="BhargavKrish2122" uid="14196197" lat="13.0691510" lon="77.7907550"/>
 <node id="2247601621" visible="true" version="2" changeset="123871385" timestamp="2022-07-21T02:25:43Z" user="BhargavKrish2122" uid="14196197" lat="13.0691663" lon="77.7904196"/>
 <node id="2247601622" visible="true" version="1" changeset="15602842" timestamp="2013-04-04T03:32:13Z" user="sathishwrn1707" uid="1324241" lat="13.0692100" lon="77.7887292"/>
 <node id="2247601625" visible="true" version="1" changeset="15602842" timestamp="2013-04-04T03:32:13Z" user="sathishwrn1707" uid="1324241" lat="13.0692811" lon="77.7983188"/>
 <node id="2247601626" visible="true" version="1" changeset="15602842" timestamp="2013-04-04T03:32:13Z" user="sathishwrn1707" uid="1324241" lat="13.0693044" lon="77.7930276"/>
 <node id="2247601627" visible="true" version="1" changeset="15602842" timestamp="2013-04-04T03:32:13Z" user="sathishwrn1707" uid="1324241" lat="13.0693510" lon="77.7998662"/>
 <node id="2247601629" visible="true" version="1" changeset="15602842" timestamp="2013-04-04T03:32:13Z" user="sathishwrn1707" uid="1324241" lat="13.0693700" lon="77.7968233"/>
 <node id="2247601630" visible="true" version="1" changeset="15602842" timestamp="2013-04-04T03:32:13Z" user="sathishwrn1707" uid="1324241" lat="13.0693810" lon="77.7961719"/>
 <node id="2247601631" visible="true" version="1" changeset="15602842" timestamp="2013-04-04T03:32:13Z" user="sathishwrn1707" uid="1324241" lat="13.0693834" lon="77.7935777"/>
 <node id="2247601632" visible="true" version="1" changeset="15602842" timestamp="2013-04-04T03:32:13Z" user="sathishwrn1707" uid="1324241" lat="13.0693838" lon="77.7946941"/>
 <node id="2247601634" visible="true" version="1" changeset="15602842" timestamp="2013-04-04T03:32:13Z" user="sathishwrn1707" uid="1324241" lat="13.0693948" lon="77.7955176"/>
 <node id="2247601643" visible="true" version="1" changeset="15602842" timestamp="2013-04-04T03:32:13Z" user="sathishwrn1707" uid="1324241" lat="13.0695297" lon="77.7930517"/>
 <node id="2247601645" visible="true" version="1" changeset="15602842" timestamp="2013-04-04T03:32:13Z" user="sathishwrn1707" uid="1324241" lat="13.0696667" lon="77.7950833"/>
 <node id="2247601646" visible="true" version="1" changeset="15602842" timestamp="2013-04-04T03:32:13Z" user="sathishwrn1707" uid="1324241" lat="13.0696749" lon="77.7935669"/>
 <node id="2247601648" visible="true" version="1" changeset="15602842" timestamp="2013-04-04T03:32:13Z" user="sathishwrn1707" uid="1324241" lat="13.0697171" lon="77.7967506"/>
 <node id="2247601650" visible="true" version="1" changeset="15602842" timestamp="2013-04-04T03:32:13Z" user="sathishwrn1707" uid="1324241" lat="13.0697253" lon="77.7955549"/>
 <node id="2247601655" visible="true" version="1" changeset="15602842" timestamp="2013-04-04T03:32:13Z" user="sathishwrn1707" uid="1324241" lat="13.0697851" lon="77.7935628"/>
 <node id="2247601659" visible="true" version="1" changeset="15602842" timestamp="2013-04-04T03:32:13Z" user="sathishwrn1707" uid="1324241" lat="13.0698389" lon="77.7930848"/>
 <node id="2247601661" visible="true" version="1" changeset="15602842" timestamp="2013-04-04T03:32:14Z" user="sathishwrn1707" uid="1324241" lat="13.0699369" lon="77.7955492"/>
 <node id="2247601662" visible="true" version="1" changeset="15602842" timestamp="2013-04-04T03:32:14Z" user="sathishwrn1707" uid="1324241" lat="13.0699451" lon="77.7954985"/>
 <node id="2247601663" visible="true" version="1" changeset="15602842" timestamp="2013-04-04T03:32:14Z" user="sathishwrn1707" uid="1324241" lat="13.0699477" lon="77.7952002"/>
 <node id="2247601664" visible="true" version="1" changeset="15602842" timestamp="2013-04-04T03:32:14Z" user="sathishwrn1707" uid="1324241" lat="13.0699506" lon="77.7948752"/>
 <node id="2247601665" visible="true" version="1" changeset="15602842" timestamp="2013-04-04T03:32:14Z" user="sathishwrn1707" uid="1324241" lat="13.0699567" lon="77.7945740"/>
 <node id="2247601666" visible="true" version="1" changeset="15602842" timestamp="2013-04-04T03:32:14Z" user="sathishwrn1707" uid="1324241" lat="13.0699645" lon="77.7941877"/>
 <node id="2247601667" visible="true" version="1" changeset="15602842" timestamp="2013-04-04T03:32:14Z" user="sathishwrn1707" uid="1324241" lat="13.0699773" lon="77.7935557"/>
 <node id="2247601668" visible="true" version="1" changeset="15602842" timestamp="2013-04-04T03:32:14Z" user="sathishwrn1707" uid="1324241" lat="13.0699864" lon="77.7917753"/>
 <node id="2247601669" visible="true" version="1" changeset="15602842" timestamp="2013-04-04T03:32:14Z" user="sathishwrn1707" uid="1324241" lat="13.0700986" lon="77.7905877"/>
 <node id="2247601670" visible="true" version="1" changeset="15602842" timestamp="2013-04-04T03:32:14Z" user="sathishwrn1707" uid="1324241" lat="13.0701206" lon="77.7899334"/>
 <node id="2247601671" visible="true" version="1" changeset="15602842" timestamp="2013-04-04T03:32:14Z" user="sathishwrn1707" uid="1324241" lat="13.0701371" lon="77.7900998"/>
 <node id="2247601679" visible="true" version="1" changeset="15602842" timestamp="2013-04-04T03:32:14Z" user="sathishwrn1707" uid="1324241" lat="13.0703654" lon="77.7935427"/>
 <node id="2247601680" visible="true" version="2" changeset="65560033" timestamp="2018-12-17T19:09:18Z" user="satz125" uid="9086391" lat="13.0703757" lon="77.7972940"/>
 <node id="2247601682" visible="true" version="1" changeset="15602842" timestamp="2013-04-04T03:32:14Z" user="sathishwrn1707" uid="1324241" lat="13.0703927" lon="77.7941828"/>
 <node id="2247601684" visible="true" version="1" changeset="15602842" timestamp="2013-04-04T03:32:14Z" user="sathishwrn1707" uid="1324241" lat="13.0704097" lon="77.7945800"/>
 <node id="2247601687" visible="true" version="1" changeset="15602842" timestamp="2013-04-04T03:32:14Z" user="sathishwrn1707" uid="1324241" lat="13.0704353" lon="77.7951804"/>
 <node id="2247601688" visible="true" version="1" changeset="15602842" timestamp="2013-04-04T03:32:14Z" user="sathishwrn1707" uid="1324241" lat="13.0704533" lon="77.7956028"/>
 <node id="2247601699" visible="true" version="1" changeset="15602842" timestamp="2013-04-04T03:32:14Z" user="sathishwrn1707" uid="1324241" lat="13.0706539" lon="77.7969480"/>
 <node id="2247601701" visible="true" version="1" changeset="15602842" timestamp="2013-04-04T03:32:15Z" user="sathishwrn1707" uid="1324241" lat="13.0706841" lon="77.7965701"/>
 <node id="2247601702" visible="true" version="1" changeset="15602842" timestamp="2013-04-04T03:32:15Z" user="sathishwrn1707" uid="1324241" lat="13.0706868" lon="77.7950139"/>
 <node id="2247601703" visible="true" version="1" changeset="15602842" timestamp="2013-04-04T03:32:15Z" user="sathishwrn1707" uid="1324241" lat="13.0706937" lon="77.7950136"/>
 <node id="2247601704" visible="true" version="1" changeset="15602842" timestamp="2013-04-04T03:32:15Z" user="sathishwrn1707" uid="1324241" lat="13.0706978" lon="77.7960033"/>
 <node id="2247601705" visible="true" version="1" changeset="15602842" timestamp="2013-04-04T03:32:15Z" user="sathishwrn1707" uid="1324241" lat="13.0707006" lon="77.7957213"/>
 <node id="2247601708" visible="true" version="1" changeset="15602842" timestamp="2013-04-04T03:32:15Z" user="sathishwrn1707" uid="1324241" lat="13.0709432" lon="77.7950020"/>
 <node id="2247601718" visible="true" version="1" changeset="15602842" timestamp="2013-04-04T03:32:15Z" user="sathishwrn1707" uid="1324241" lat="13.0711398" lon="77.7949964"/>
 <node id="2247601724" visible="true" version="2" changeset="144889482" timestamp="2023-12-08T06:37:37Z" user="mdtauhid" uid="19369851" lat="13.0711979" lon="77.7933379"/>
 <node id="2247601733" visible="true" version="2" changeset="144889482" timestamp="2023-12-08T06:37:37Z" user="mdtauhid" uid="19369851" lat="13.0713915" lon="77.7932706"/>
 <node id="2247601741" visible="true" version="2" changeset="144889482" timestamp="2023-12-08T06:37:37Z" user="mdtauhid" uid="19369851" lat="13.0716999" lon="77.7931909"/>
 <node id="2247601749" visible="true" version="2" changeset="144889482" timestamp="2023-12-08T06:37:37Z" user="mdtauhid" uid="19369851" lat="13.0721271" lon="77.7931520"/>
 <node id="2247601757" visible="true" version="1" changeset="15602842" timestamp="2013-04-04T03:32:16Z" user="sathishwrn1707" uid="1324241" lat="13.0724169" lon="77.7931612"/>
 <node id="2247601771" visible="true" version="1" changeset="15602842" timestamp="2013-04-04T03:32:16Z" user="sathishwrn1707" uid="1324241" lat="13.0727081" lon="77.7931635"/>
 <node id="2845938910" visible="true" version="1" changeset="22231259" timestamp="2014-05-09T13:48:57Z" user="Oberaffe" uid="56597" lat="13.0075222" lon="77.7177106">
  <tag k="power" v="tower"/>
 </node>
 <node id="2845938911" visible="true" version="1" changeset="22231259" timestamp="2014-05-09T13:48:57Z" user="Oberaffe" uid="56597" lat="13.0082953" lon="77.7193909">
  <tag k="power" v="tower"/>
 </node>
 <node id="2845938912" visible="true" version="1" changeset="22231259" timestamp="2014-05-09T13:48:57Z" user="Oberaffe" uid="56597" lat="13.0085704" lon="77.7199468">
  <tag k="power" v="tower"/>
 </node>
 <node id="2845938914" visible="true" version="1" changeset="22231259" timestamp="2014-05-09T13:48:57Z" user="Oberaffe" uid="56597" lat="13.0087144" lon="77.7202909">
  <tag k="power" v="tower"/>
 </node>
 <node id="2845938915" visible="true" version="1" changeset="22231259" timestamp="2014-05-09T13:48:57Z" user="Oberaffe" uid="56597" lat="13.0089917" lon="77.7209351">
  <tag k="power" v="tower"/>
 </node>
 <node id="2845938920" visible="true" version="1" changeset="22231259" timestamp="2014-05-09T13:48:57Z" user="Oberaffe" uid="56597" lat="13.0097848" lon="77.7226204">
  <tag k="power" v="tower"/>
 </node>
 <node id="2845938921" visible="true" version="1" changeset="22231259" timestamp="2014-05-09T13:48:57Z" user="Oberaffe" uid="56597" lat="13.0103780" lon="77.7239132">
  <tag k="power" v="tower"/>
 </node>
 <node id="2845938933" visible="true" version="1" changeset="22231259" timestamp="2014-05-09T13:48:57Z" user="Oberaffe" uid="56597" lat="13.0111715" lon="77.7256446">
  <tag k="power" v="tower"/>
 </node>
 <node id="2845938935" visible="true" version="1" changeset="22231259" timestamp="2014-05-09T13:48:57Z" user="Oberaffe" uid="56597" lat="13.0118034" lon="77.7270167">
  <tag k="power" v="tower"/>
 </node>
 <node id="2845938939" visible="true" version="1" changeset="22231259" timestamp="2014-05-09T13:48:57Z" user="Oberaffe" uid="56597" lat="13.0125062" lon="77.7281021">
  <tag k="power" v="tower"/>
 </node>
 <node id="2845938945" visible="true" version="1" changeset="22231259" timestamp="2014-05-09T13:48:58Z" user="Oberaffe" uid="56597" lat="13.0135272" lon="77.7297213">
  <tag k="power" v="tower"/>
 </node>
 <node id="2845938951" visible="true" version="1" changeset="22231259" timestamp="2014-05-09T13:48:58Z" user="Oberaffe" uid="56597" lat="13.0147742" lon="77.7316665">
  <tag k="power" v="tower"/>
 </node>
 <node id="2845938957" visible="true" version="1" changeset="22231259" timestamp="2014-05-09T13:48:58Z" user="Oberaffe" uid="56597" lat="13.0155742" lon="77.7329145">
  <tag k="power" v="tower"/>
 </node>
 <node id="2845938961" visible="true" version="1" changeset="22231259" timestamp="2014-05-09T13:48:58Z" user="Oberaffe" uid="56597" lat="13.0164463" lon="77.7342852">
  <tag k="power" v="tower"/>
 </node>
 <node id="2845938964" visible="true" version="1" changeset="22231259" timestamp="2014-05-09T13:48:58Z" user="Oberaffe" uid="56597" lat="13.0172579" lon="77.7355705">
  <tag k="power" v="tower"/>
 </node>
 <node id="2845938969" visible="true" version="1" changeset="22231259" timestamp="2014-05-09T13:48:58Z" user="Oberaffe" uid="56597" lat="13.0183035" lon="77.7372006">
  <tag k="power" v="tower"/>
 </node>
 <node id="2845938972" visible="true" version="1" changeset="22231259" timestamp="2014-05-09T13:48:58Z" user="Oberaffe" uid="56597" lat="13.0193035" lon="77.7387589">
  <tag k="power" v="tower"/>
 </node>
 <node id="2845938978" visible="true" version="1" changeset="22231259" timestamp="2014-05-09T13:48:59Z" user="Oberaffe" uid="56597" lat="13.0203932" lon="77.7404810">
  <tag k="power" v="tower"/>
 </node>
 <node id="2845938980" visible="true" version="1" changeset="22231259" timestamp="2014-05-09T13:48:59Z" user="Oberaffe" uid="56597" lat="13.0213506" lon="77.7419707">
  <tag k="power" v="tower"/>
 </node>
 <node id="2845938985" visible="true" version="1" changeset="22231259" timestamp="2014-05-09T13:48:59Z" user="Oberaffe" uid="56597" lat="13.0223826" lon="77.7435867">
  <tag k="power" v="tower"/>
 </node>
 <node id="2845938988" visible="true" version="1" changeset="22231259" timestamp="2014-05-09T13:48:59Z" user="Oberaffe" uid="56597" lat="13.0234008" lon="77.7451747">
  <tag k="power" v="tower"/>
 </node>
 <node id="2845938994" visible="true" version="1" changeset="22231259" timestamp="2014-05-09T13:48:59Z" user="Oberaffe" uid="56597" lat="13.0243917" lon="77.7467423">
  <tag k="power" v="tower"/>
 </node>
 <node id="2845939000" visible="true" version="1" changeset="22231259" timestamp="2014-05-09T13:49:00Z" user="Oberaffe" uid="56597" lat="13.0253142" lon="77.7481587">
  <tag k="power" v="tower"/>
 </node>
 <node id="2845939010" visible="true" version="1" changeset="22231259" timestamp="2014-05-09T13:49:00Z" user="Oberaffe" uid="56597" lat="13.0263704" lon="77.7498699">
  <tag k="power" v="tower"/>
 </node>
 <node id="2845939019" visible="true" version="1" changeset="22231259" timestamp="2014-05-09T13:49:00Z" user="Oberaffe" uid="56597" lat="13.0273643" lon="77.7514079">
  <tag k="power" v="tower"/>
 </node>
 <node id="2845939027" visible="true" version="1" changeset="22231259" timestamp="2014-05-09T13:49:00Z" user="Oberaffe" uid="56597" lat="13.0283323" lon="77.7529397">
  <tag k="power" v="tower"/>
 </node>
 <node id="2845939030" visible="true" version="1" changeset="22231259" timestamp="2014-05-09T13:49:01Z" user="Oberaffe" uid="56597" lat="13.0293186" lon="77.7545011">
  <tag k="power" v="tower"/>
 </node>
 <node id="2845939049" visible="true" version="1" changeset="22231259" timestamp="2014-05-09T13:49:01Z" user="Oberaffe" uid="56597" lat="13.0305055" lon="77.7563621">
  <tag k="power" v="tower"/>
 </node>
 <node id="2845939059" visible="true" version="1" changeset="22231259" timestamp="2014-05-09T13:49:01Z" user="Oberaffe" uid="56597" lat="13.0314022" lon="77.7577254">
  <tag k="power" v="tower"/>
 </node>
 <node id="2845939060" visible="true" version="1" changeset="22231259" timestamp="2014-05-09T13:49:01Z" user="Oberaffe" uid="56597" lat="13.0320419" lon="77.7587471">
  <tag k="power" v="tower"/>
 </node>
 <node id="2845939064" visible="true" version="1" changeset="22231259" timestamp="2014-05-09T13:49:02Z" user="Oberaffe" uid="56597" lat="13.0330313" lon="77.7602789">
  <tag k="power" v="tower"/>
 </node>
 <node id="2845939068" visible="true" version="1" changeset="22231259" timestamp="2014-05-09T13:49:02Z" user="Oberaffe" uid="56597" lat="13.0340881" lon="77.7619094">
  <tag k="power" v="tower"/>
 </node>
 <node id="2845939072" visible="true" version="1" changeset="22231259" timestamp="2014-05-09T13:49:02Z" user="Oberaffe" uid="56597" lat="13.0349695" lon="77.7633335">
  <tag k="power" v="tower"/>
 </node>
 <node id="2845939075" visible="true" version="1" changeset="22231259" timestamp="2014-05-09T13:49:02Z" user="Oberaffe" uid="56597" lat="13.0359694" lon="77.7648903">
  <tag k="power" v="tower"/>
 </node>
 <node id="2845939084" visible="true" version="1" changeset="22231259" timestamp="2014-05-09T13:49:02Z" user="Oberaffe" uid="56597" lat="13.0369815" lon="77.7664985">
  <tag k="power" v="tower"/>
 </node>
 <node id="2845939105" visible="true" version="1" changeset="22231259" timestamp="2014-05-09T13:49:03Z" user="Oberaffe" uid="56597" lat="13.0378842" lon="77.7679024">
  <tag k="power" v="tower"/>
 </node>
 <node id="2845939132" visible="true" version="1" changeset="22231259" timestamp="2014-05-09T13:49:04Z" user="Oberaffe" uid="56597" lat="13.0394586" lon="77.7703733">
  <tag k="power" v="tower"/>
 </node>
 <node id="2845939142" visible="true" version="1" changeset="22231259" timestamp="2014-05-09T13:49:04Z" user="Oberaffe" uid="56597" lat="13.0401736" lon="77.7715016">
  <tag k="power" v="tower"/>
 </node>
 <node id="2845939165" visible="true" version="1" changeset="22231259" timestamp="2014-05-09T13:49:05Z" user="Oberaffe" uid="56597" lat="13.0414931" lon="77.7727965">
  <tag k="power" v="tower"/>
 </node>
 <node id="2845939178" visible="true" version="1" changeset="22231259" timestamp="2014-05-09T13:49:05Z" user="Oberaffe" uid="56597" lat="13.0426450" lon="77.7739458">
  <tag k="power" v="tower"/>
 </node>
 <node id="2845939191" visible="true" version="1" changeset="22231259" timestamp="2014-05-09T13:49:06Z" user="Oberaffe" uid="56597" lat="13.0437346" lon="77.7750290">
  <tag k="power" v="tower"/>
 </node>
 <node id="2845939198" visible="true" version="1" changeset="22231259" timestamp="2014-05-09T13:49:06Z" user="Oberaffe" uid="56597" lat="13.0448629" lon="77.7761364">
  <tag k="power" v="tower"/>
 </node>
 <node id="2845939211" visible="true" version="1" changeset="22231259" timestamp="2014-05-09T13:49:06Z" user="Oberaffe" uid="56597" lat="13.0460535" lon="77.7773320">
  <tag k="power" v="tower"/>
 </node>
 <node id="2845939217" visible="true" version="1" changeset="22231259" timestamp="2014-05-09T13:49:07Z" user="Oberaffe" uid="56597" lat="13.0471301" lon="77.7784130">
  <tag k="power" v="tower"/>
 </node>
 <node id="2845939222" visible="true" version="1" changeset="22231259" timestamp="2014-05-09T13:49:07Z" user="Oberaffe" uid="56597" lat="13.0485421" lon="77.7797983">
  <tag k="power" v="tower"/>
 </node>
 <node id="2845939228" visible="true" version="1" changeset="22231259" timestamp="2014-05-09T13:49:07Z" user="Oberaffe" uid="56597" lat="13.0497348" lon="77.7809874">
  <tag k="power" v="tower"/>
 </node>
 <node id="2845939237" visible="true" version="1" changeset="22231259" timestamp="2014-05-09T13:49:07Z" user="Oberaffe" uid="56597" lat="13.0509790" lon="77.7822183">
  <tag k="power" v="tower"/>
 </node>
 <node id="2845939243" visible="true" version="1" changeset="22231259" timestamp="2014-05-09T13:49:07Z" user="Oberaffe" uid="56597" lat="13.0523050" lon="77.7835485">
  <tag k="power" v="tower"/>
 </node>
 <node id="2845939247" visible="true" version="1" changeset="22231259" timestamp="2014-05-09T13:49:07Z" user="Oberaffe" uid="56597" lat="13.0535922" lon="77.7848280">
  <tag k="power" v="tower"/>
 </node>
 <node id="2845939250" visible="true" version="1" changeset="22231259" timestamp="2014-05-09T13:49:07Z" user="Oberaffe" uid="56597" lat="13.0549096" lon="77.7861207">
  <tag k="power" v="tower"/>
 </node>
 <node id="2845939254" visible="true" version="1" changeset="22231259" timestamp="2014-05-09T13:49:08Z" user="Oberaffe" uid="56597" lat="13.0562634" lon="77.7874554">
  <tag k="power" v="tower"/>
 </node>
 <node id="2845939262" visible="true" version="1" changeset="22231259" timestamp="2014-05-09T13:49:08Z" user="Oberaffe" uid="56597" lat="13.0573207" lon="77.7888363">
  <tag k="power" v="tower"/>
 </node>
 <node id="2845939269" visible="true" version="1" changeset="22231259" timestamp="2014-05-09T13:49:08Z" user="Oberaffe" uid="56597" lat="13.0583006" lon="77.7901158">
  <tag k="power" v="tower"/>
 </node>
 <node id="2845939282" visible="true" version="1" changeset="22231259" timestamp="2014-05-09T13:49:08Z" user="Oberaffe" uid="56597" lat="13.0592633" lon="77.7913533">
  <tag k="power" v="tower"/>
 </node>
 <node id="2845939289" visible="true" version="1" changeset="22231259" timestamp="2014-05-09T13:49:09Z" user="Oberaffe" uid="56597" lat="13.0602583" lon="77.7926593">
  <tag k="power" v="tower"/>
 </node>
 <node id="2845939302" visible="true" version="1" changeset="22231259" timestamp="2014-05-09T13:49:09Z" user="Oberaffe" uid="56597" lat="13.0621015" lon="77.7931796">
  <tag k="power" v="tower"/>
 </node>
 <node id="2845939312" visible="true" version="1" changeset="22231259" timestamp="2014-05-09T13:49:09Z" user="Oberaffe" uid="56597" lat="13.0639907" lon="77.7937386">
  <tag k="power" v="tower"/>
 </node>
 <node id="2845939327" visible="true" version="1" changeset="22231259" timestamp="2014-05-09T13:49:10Z" user="Oberaffe" uid="56597" lat="13.0661237" lon="77.7943698">
  <tag k="power" v="tower"/>
 </node>
 <node id="2845939337" visible="true" version="1" changeset="22231259" timestamp="2014-05-09T13:49:10Z" user="Oberaffe" uid="56597" lat="13.0674032" lon="77.7947480">
  <tag k="power" v="tower"/>
 </node>
 <node id="2845939344" visible="true" version="1" changeset="22231259" timestamp="2014-05-09T13:49:10Z" user="Oberaffe" uid="56597" lat="13.0688649" lon="77.7941631">
  <tag k="power" v="tower"/>
 </node>
 <node id="2845939352" visible="true" version="1" changeset="22231259" timestamp="2014-05-09T13:49:11Z" user="Oberaffe" uid="56597" lat="13.0703145" lon="77.7936047">
  <tag k="power" v="tower"/>
 </node>
 <node id="2845939371" visible="true" version="1" changeset="22231259" timestamp="2014-05-09T13:49:11Z" user="Oberaffe" uid="56597" lat="13.0723445" lon="77.7928746">
  <tag k="power" v="tower"/>
 </node>
 <node id="2845939382" visible="true" version="1" changeset="22231259" timestamp="2014-05-09T13:49:11Z" user="Oberaffe" uid="56597" lat="13.0727517" lon="77.7898979">
  <tag k="power" v="tower"/>
 </node>
 <node id="2845939388" visible="true" version="1" changeset="22231259" timestamp="2014-05-09T13:49:12Z" user="Oberaffe" uid="56597" lat="13.0729021" lon="77.7911597">
  <tag k="power" v="tower"/>
 </node>
 <node id="6143951358" visible="true" version="2" changeset="144889482" timestamp="2023-12-08T06:37:37Z" user="mdtauhid" uid="19369851" lat="13.0706677" lon="77.7934928"/>
 <node id="6143951360" visible="true" version="2" changeset="144889482" timestamp="2023-12-08T06:37:37Z" user="mdtauhid" uid="19369851" lat="13.0707579" lon="77.7928822"/>
 <node id="6143951361" visible="true" version="1" changeset="65567503" timestamp="2018-12-18T01:35:57Z" user="Nitin_Raj" uid="9086386" lat="13.0703871" lon="77.7928205"/>
 <node id="6143951362" visible="true" version="1" changeset="65567503" timestamp="2018-12-18T01:35:57Z" user="Nitin_Raj" uid="9086386" lat="13.0698721" lon="77.7927902"/>
 <node id="6143951363" visible="true" version="1" changeset="65567503" timestamp="2018-12-18T01:35:57Z" user="Nitin_Raj" uid="9086386" lat="13.0703627" lon="77.7931541"/>
 <node id="6143951364" visible="true" version="1" changeset="65567503" timestamp="2018-12-18T01:35:57Z" user="Nitin_Raj" uid="9086386" lat="13.0704097" lon="77.7925131"/>
 <node id="6180248817" visible="true" version="1" changeset="65979005" timestamp="2019-01-03T06:13:41Z" user="vijay kumar reddy b" uid="9086402" lat="13.0706719" lon="77.7967225"/>
 <node id="7205591343" visible="true" version="2" changeset="144889482" timestamp="2023-12-08T06:37:37Z" user="mdtauhid" uid="19369851" lat="13.0719598" lon="77.7931493"/>
 <node id="9048132861" visible="true" version="1" changeset="110459502" timestamp="2021-08-30T12:35:40Z" user="GreenFish35" uid="12740584" lat="13.0083461" lon="77.7194936"/>
 <node id="9805974813" visible="true" version="1" changeset="122157010" timestamp="2022-06-09T10:08:00Z" user="Kavithaptpm" uid="12266079" lat="13.0699080" lon="77.7924715"/>
 <node id="9805974814" visible="true" version="1" changeset="122157010" timestamp="2022-06-09T10:08:00Z" user="Kavithaptpm" uid="12266079" lat="13.0701144" lon="77.7928045"/>
 <node id="9805974815" visible="true" version="1" changeset="122157010" timestamp="2022-06-09T10:08:00Z" user="Kavithaptpm" uid="12266079" lat="13.0699714" lon="77.7938461"/>
 <node id="9805974816" visible="true" version="1" changeset="122157010" timestamp="2022-06-09T10:08:00Z" user="Kavithaptpm" uid="12266079" lat="13.0703788" lon="77.7938568"/>
 <node id="9805974919" visible="true" version="1" changeset="122157010" timestamp="2022-06-09T10:08:00Z" user="Kavithaptpm" uid="12266079" lat="13.0698124" lon="77.7933204"/>
 <node id="9805974920" visible="true" version="1" changeset="122157010" timestamp="2022-06-09T10:08:00Z" user="Kavithaptpm" uid="12266079" lat="13.0689696" lon="77.7932667"/>
 <node id="9805974957" visible="true" version="2" changeset="145243895" timestamp="2023-12-18T09:39:59Z" user="ompatekar" uid="16275581" lat="13.0687347" lon="77.7932947"/>
 <node id="9805974958" visible="true" version="1" changeset="122157010" timestamp="2022-06-09T10:08:00Z" user="Kavithaptpm" uid="12266079" lat="13.0684527" lon="77.7936810"/>
 <node id="9805974966" visible="true" version="2" changeset="123871385" timestamp="2022-07-21T02:25:43Z" user="BhargavKrish2122" uid="14196197" lat="13.0691057" lon="77.7913892"/>
 <node id="9805974968" visible="true" version="1" changeset="122157010" timestamp="2022-06-09T10:08:00Z" user="Kavithaptpm" uid="12266079" lat="13.0704215" lon="77.7948557"/>
 <node id="9805974969" visible="true" version="1" changeset="122157010" timestamp="2022-06-09T10:08:00Z" user="Kavithaptpm" uid="12266079" lat="13.0696705" lon="77.7943891"/>
 <node id="9805974970" visible="true" version="1" changeset="122157010" timestamp="2022-06-09T10:08:00Z" user="Kavithaptpm" uid="12266079" lat="13.0693837" lon="77.7943837"/>
 <node id="9805974971" visible="true" version="1" changeset="122157010" timestamp="2022-06-09T10:08:00Z" user="Kavithaptpm" uid="12266079" lat="13.0691404" lon="77.7947109"/>
 <node id="9805974972" visible="true" version="2" changeset="184842745" timestamp="2026-06-30T09:00:29Z" user="GoofyPixel" uid="23804275" lat="13.0687757" lon="77.7947488"/>
 <node id="9805974973" visible="true" version="1" changeset="122157010" timestamp="2022-06-09T10:08:00Z" user="Kavithaptpm" uid="12266079" lat="13.0685938" lon="77.7947420"/>
 <node id="9805974974" visible="true" version="1" changeset="122157010" timestamp="2022-06-09T10:08:00Z" user="Kavithaptpm" uid="12266079" lat="13.0687819" lon="77.7942055"/>
 <node id="9805974975" visible="true" version="1" changeset="122157010" timestamp="2022-06-09T10:08:00Z" user="Kavithaptpm" uid="12266079" lat="13.0690589" lon="77.7941251"/>
 <node id="9805974976" visible="true" version="1" changeset="122157010" timestamp="2022-06-09T10:08:00Z" user="Kavithaptpm" uid="12266079" lat="13.0691444" lon="77.7940982"/>
 <node id="9805974978" visible="true" version="2" changeset="145247868" timestamp="2023-12-18T11:44:51Z" user="ompatekar" uid="16275581" lat="13.0681085" lon="77.7944676"/>
 <node id="9805974979" visible="true" version="1" changeset="122157010" timestamp="2022-06-09T10:08:00Z" user="Kavithaptpm" uid="12266079" lat="13.0685938" lon="77.7942860"/>
 <node id="9805974983" visible="true" version="1" changeset="122157010" timestamp="2022-06-09T10:08:00Z" user="Kavithaptpm" uid="12266079" lat="13.0685834" lon="77.7936654"/>
 <node id="9805974986" visible="true" version="1" changeset="122157010" timestamp="2022-06-09T10:08:00Z" user="Kavithaptpm" uid="12266079" lat="13.0685363" lon="77.7953375"/>
 <node id="9805974988" visible="true" version="2" changeset="122633079" timestamp="2022-06-20T17:17:14Z" user="ratrun" uid="474183" lat="13.0687767" lon="77.7953540"/>
 <node id="9805974989" visible="true" version="1" changeset="122157010" timestamp="2022-06-09T10:08:00Z" user="Kavithaptpm" uid="12266079" lat="13.0691362" lon="77.7953706"/>
 <node id="9805974990" visible="true" version="1" changeset="122157010" timestamp="2022-06-09T10:08:00Z" user="Kavithaptpm" uid="12266079" lat="13.0693930" lon="77.7953813"/>
 <node id="9805974991" visible="true" version="1" changeset="122157010" timestamp="2022-06-09T10:08:00Z" user="Kavithaptpm" uid="12266079" lat="13.0696543" lon="77.7953223"/>
 <node id="9805974992" visible="true" version="1" changeset="122157010" timestamp="2022-06-09T10:08:00Z" user="Kavithaptpm" uid="12266079" lat="13.0699467" lon="77.7953170"/>
 <node id="9805974994" visible="true" version="1" changeset="122157010" timestamp="2022-06-09T10:08:00Z" user="Kavithaptpm" uid="12266079" lat="13.0691326" lon="77.7959230"/>
 <node id="9806030173" visible="true" version="1" changeset="122158240" timestamp="2022-06-09T10:32:22Z" user="Kavithaptpm" uid="12266079" lat="13.0689643" lon="77.7926700"/>
 <node id="9806089241" visible="true" version="1" changeset="122159856" timestamp="2022-06-09T11:07:58Z" user="Kavithaptpm" uid="12266079" lat="13.0691586" lon="77.7976125"/>
 <node id="9806089243" visible="true" version="1" changeset="122159856" timestamp="2022-06-09T11:07:58Z" user="Kavithaptpm" uid="12266079" lat="13.0703834" lon="77.7971255"/>
 <node id="9806089244" visible="true" version="1" changeset="122159856" timestamp="2022-06-09T11:07:58Z" user="Kavithaptpm" uid="12266079" lat="13.0691321" lon="77.7970792"/>
 <node id="9806131293" visible="true" version="2" changeset="145244106" timestamp="2023-12-18T09:46:48Z" user="ompatekar" uid="16275581" lat="13.0693169" lon="77.8001968"/>
 <node id="9900862300" visible="true" version="1" changeset="123871385" timestamp="2022-07-21T02:25:43Z" user="BhargavKrish2122" uid="14196197" lat="13.0691204" lon="77.7912069"/>
 <node id="10216420362" visible="true" version="1" changeset="129352824" timestamp="2022-11-25T06:44:16Z" user="Pooja Koul" uid="16283053" lat="13.0128104" lon="77.7285845"/>
 <node id="11121676751" visible="true" version="1" changeset="140004575" timestamp="2023-08-17T10:04:18Z" user="olazeeshan" uid="19619759" lat="13.0725891" lon="77.7931626"/>
 <node id="11383023995" visible="true" version="2" changeset="144889482" timestamp="2023-12-08T06:37:37Z" user="mdtauhid" uid="19369851" lat="13.0701411" lon="77.7929324"/>
 <node id="11428455527" visible="true" version="2" changeset="184842745" timestamp="2026-06-30T09:00:29Z" user="GoofyPixel" uid="23804275" lat="13.0689930" lon="77.7947443"/>
 <node id="12184046861" visible="true" version="1" changeset="156772798" timestamp="2024-09-18T13:04:27Z" user="chandrashekaru" uid="19582889" lat="13.0669173" lon="77.7938250"/>
 <node id="12592957438" visible="true" version="1" changeset="162569820" timestamp="2025-02-16T13:01:15Z" user="SudhiBS" uid="22518380" lat="13.0160657" lon="77.7336584"/>
 <node id="13898293379" visible="true" version="1" changeset="183432893" timestamp="2026-05-31T09:07:19Z" user="Smita Wankhede" uid="20977783" lat="13.0709260" lon="77.7945349"/>
 <node id="13898293380" visible="true" version="1" changeset="183432893" timestamp="2026-05-31T09:07:19Z" user="Smita Wankhede" uid="20977783" lat="13.0709202" lon="77.7946497"/>
 <node id="13898293381" visible="true" version="1" changeset="183432893" timestamp="2026-05-31T09:07:19Z" user="Smita Wankhede" uid="20977783" lat="13.0708119" lon="77.7946509"/>
 <node id="13898293382" visible="true" version="1" changeset="183432893" timestamp="2026-05-31T09:07:19Z" user="Smita Wankhede" uid="20977783" lat="13.0708200" lon="77.7945338"/>
 <node id="13898293383" visible="true" version="1" changeset="183432893" timestamp="2026-05-31T09:07:19Z" user="Smita Wankhede" uid="20977783" lat="13.0709354" lon="77.7943965"/>
 <node id="13898293384" visible="true" version="1" changeset="183432893" timestamp="2026-05-31T09:07:19Z" user="Smita Wankhede" uid="20977783" lat="13.0709296" lon="77.7945113"/>
 <node id="13898293385" visible="true" version="1" changeset="183432893" timestamp="2026-05-31T09:07:19Z" user="Smita Wankhede" uid="20977783" lat="13.0708213" lon="77.7945125"/>
 <node id="13898293386" visible="true" version="1" changeset="183432893" timestamp="2026-05-31T09:07:19Z" user="Smita Wankhede" uid="20977783" lat="13.0708294" lon="77.7943954"/>
 <node id="13898293387" visible="true" version="1" changeset="183432893" timestamp="2026-05-31T09:07:19Z" user="Smita Wankhede" uid="20977783" lat="13.0709370" lon="77.7942533"/>
 <node id="13898293388" visible="true" version="1" changeset="183432893" timestamp="2026-05-31T09:07:19Z" user="Smita Wankhede" uid="20977783" lat="13.0709312" lon="77.7943681"/>
 <node id="13898293389" visible="true" version="1" changeset="183432893" timestamp="2026-05-31T09:07:19Z" user="Smita Wankhede" uid="20977783" lat="13.0708229" lon="77.7943693"/>
 <node id="13898293390" visible="true" version="1" changeset="183432893" timestamp="2026-05-31T09:07:19Z" user="Smita Wankhede" uid="20977783" lat="13.0708310" lon="77.7942522"/>
 <node id="13898293391" visible="true" version="2" changeset="184928610" timestamp="2026-07-01T17:36:22Z" user="googlenaut" uid="519916" lat="13.0709421" lon="77.7941071"/>
 <node id="13898293392" visible="true" version="2" changeset="184928610" timestamp="2026-07-01T17:36:22Z" user="googlenaut" uid="519916" lat="13.0709363" lon="77.7942219"/>
 <node id="13898293393" visible="true" version="2" changeset="184928610" timestamp="2026-07-01T17:36:22Z" user="googlenaut" uid="519916" lat="13.0708280" lon="77.7942231"/>
 <node id="13898293394" visible="true" version="2" changeset="184928610" timestamp="2026-07-01T17:36:22Z" user="googlenaut" uid="519916" lat="13.0708361" lon="77.7941060"/>
 <node id="13898293395" visible="true" version="1" changeset="183432893" timestamp="2026-05-31T09:07:19Z" user="Smita Wankhede" uid="20977783" lat="13.0709526" lon="77.7939250"/>
 <node id="13898293396" visible="true" version="1" changeset="183432893" timestamp="2026-05-31T09:07:19Z" user="Smita Wankhede" uid="20977783" lat="13.0709468" lon="77.7940398"/>
 <node id="13898293397" visible="true" version="1" changeset="183432893" timestamp="2026-05-31T09:07:19Z" user="Smita Wankhede" uid="20977783" lat="13.0708385" lon="77.7940410"/>
 <node id="13898293398" visible="true" version="1" changeset="183432893" timestamp="2026-05-31T09:07:19Z" user="Smita Wankhede" uid="20977783" lat="13.0708466" lon="77.7939239"/>
 <node id="13898293399" visible="true" version="1" changeset="183432893" timestamp="2026-05-31T09:07:19Z" user="Smita Wankhede" uid="20977783" lat="13.0709385" lon="77.7937801"/>
 <node id="13898293400" visible="true" version="1" changeset="183432893" timestamp="2026-05-31T09:07:19Z" user="Smita Wankhede" uid="20977783" lat="13.0709327" lon="77.7938949"/>
 <node id="13898326437" visible="true" version="1" changeset="183432174" timestamp="2026-05-31T08:48:12Z" user="Smita Wankhede" uid="20977783" lat="13.0711073" lon="77.7950129"/>
 <node id="13898326438" visible="true" version="1" changeset="183432174" timestamp="2026-05-31T08:48:12Z" user="Smita Wankhede" uid="20977783" lat="13.0711015" lon="77.7951277"/>
 <node id="13898326439" visible="true" version="1" changeset="183432174" timestamp="2026-05-31T08:48:12Z" user="Smita Wankhede" uid="20977783" lat="13.0709932" lon="77.7951289"/>
 <node id="13898326440" visible="true" version="1" changeset="183432174" timestamp="2026-05-31T08:48:12Z" user="Smita Wankhede" uid="20977783" lat="13.0710013" lon="77.7950118"/>
 <node id="13898326441" visible="true" version="1" changeset="183432174" timestamp="2026-05-31T08:48:12Z" user="Smita Wankhede" uid="20977783" lat="13.0711046" lon="77.7951674"/>
 <node id="13898326442" visible="true" version="1" changeset="183432174" timestamp="2026-05-31T08:48:12Z" user="Smita Wankhede" uid="20977783" lat="13.0710988" lon="77.7952822"/>
 <node id="13898326443" visible="true" version="1" changeset="183432174" timestamp="2026-05-31T08:48:12Z" user="Smita Wankhede" uid="20977783" lat="13.0709905" lon="77.7952834"/>
 <node id="13898326444" visible="true" version="1" changeset="183432174" timestamp="2026-05-31T08:48:12Z" user="Smita Wankhede" uid="20977783" lat="13.0709986" lon="77.7951663"/>
 <node id="13898326445" visible="true" version="1" changeset="183432174" timestamp="2026-05-31T08:48:12Z" user="Smita Wankhede" uid="20977783" lat="13.0711019" lon="77.7953261"/>
 <node id="13898326446" visible="true" version="1" changeset="183432174" timestamp="2026-05-31T08:48:12Z" user="Smita Wankhede" uid="20977783" lat="13.0710961" lon="77.7954409"/>
 <node id="13898326447" visible="true" version="1" changeset="183432174" timestamp="2026-05-31T08:48:12Z" user="Smita Wankhede" uid="20977783" lat="13.0709878" lon="77.7954421"/>
 <node id="13898326448" visible="true" version="1" changeset="183432174" timestamp="2026-05-31T08:48:12Z" user="Smita Wankhede" uid="20977783" lat="13.0709959" lon="77.7953250"/>
 <node id="13898326453" visible="true" version="1" changeset="183432174" timestamp="2026-05-31T08:48:12Z" user="Smita Wankhede" uid="20977783" lat="13.0709420" lon="77.7951164"/>
 <node id="13898326454" visible="true" version="1" changeset="183432174" timestamp="2026-05-31T08:48:12Z" user="Smita Wankhede" uid="20977783" lat="13.0709362" lon="77.7952312"/>
 <node id="13898326455" visible="true" version="1" changeset="183432174" timestamp="2026-05-31T08:48:12Z" user="Smita Wankhede" uid="20977783" lat="13.0708279" lon="77.7952324"/>
 <node id="13898326456" visible="true" version="1" changeset="183432174" timestamp="2026-05-31T08:48:12Z" user="Smita Wankhede" uid="20977783" lat="13.0708360" lon="77.7951153"/>
 <node id="13898326457" visible="true" version="1" changeset="183432174" timestamp="2026-05-31T08:48:12Z" user="Smita Wankhede" uid="20977783" lat="13.0708291" lon="77.7950308"/>
 <node id="13898326458" visible="true" version="1" changeset="183432174" timestamp="2026-05-31T08:48:12Z" user="Smita Wankhede" uid="20977783" lat="13.0708233" lon="77.7951456"/>
 <node id="13898326459" visible="true" version="1" changeset="183432174" timestamp="2026-05-31T08:48:12Z" user="Smita Wankhede" uid="20977783" lat="13.0707150" lon="77.7951468"/>
 <node id="13898326460" visible="true" version="1" changeset="183432174" timestamp="2026-05-31T08:48:12Z" user="Smita Wankhede" uid="20977783" lat="13.0707231" lon="77.7950297"/>
 <node id="13898326461" visible="true" version="1" changeset="183432174" timestamp="2026-05-31T08:48:12Z" user="Smita Wankhede" uid="20977783" lat="13.0708802" lon="77.7952750"/>
 <node id="13898326462" visible="true" version="1" changeset="183432174" timestamp="2026-05-31T08:48:12Z" user="Smita Wankhede" uid="20977783" lat="13.0708744" lon="77.7953898"/>
 <node id="13898326463" visible="true" version="1" changeset="183432174" timestamp="2026-05-31T08:48:12Z" user="Smita Wankhede" uid="20977783" lat="13.0707661" lon="77.7953910"/>
 <node id="13898326464" visible="true" version="1" changeset="183432174" timestamp="2026-05-31T08:48:12Z" user="Smita Wankhede" uid="20977783" lat="13.0707742" lon="77.7952739"/>
 <node id="13898326465" visible="true" version="1" changeset="183432174" timestamp="2026-05-31T08:48:12Z" user="Smita Wankhede" uid="20977783" lat="13.0708479" lon="77.7954378"/>
 <node id="13898326466" visible="true" version="1" changeset="183432174" timestamp="2026-05-31T08:48:12Z" user="Smita Wankhede" uid="20977783" lat="13.0708421" lon="77.7955526"/>
 <node id="13898326467" visible="true" version="1" changeset="183432174" timestamp="2026-05-31T08:48:12Z" user="Smita Wankhede" uid="20977783" lat="13.0707338" lon="77.7955538"/>
 <node id="13898326468" visible="true" version="1" changeset="183432174" timestamp="2026-05-31T08:48:12Z" user="Smita Wankhede" uid="20977783" lat="13.0707419" lon="77.7954367"/>
 <node id="13898326529" visible="true" version="1" changeset="183432174" timestamp="2026-05-31T08:48:12Z" user="Smita Wankhede" uid="20977783" lat="13.0705778" lon="77.7954558"/>
 <node id="13898326530" visible="true" version="1" changeset="183432174" timestamp="2026-05-31T08:48:12Z" user="Smita Wankhede" uid="20977783" lat="13.0705720" lon="77.7955706"/>
 <node id="13898326531" visible="true" version="1" changeset="183432174" timestamp="2026-05-31T08:48:12Z" user="Smita Wankhede" uid="20977783" lat="13.0704637" lon="77.7955718"/>
 <node id="13898326532" visible="true" version="1" changeset="183432174" timestamp="2026-05-31T08:48:12Z" user="Smita Wankhede" uid="20977783" lat="13.0704718" lon="77.7954547"/>
 <node id="13898326533" visible="true" version="1" changeset="183432174" timestamp="2026-05-31T08:48:12Z" user="Smita Wankhede" uid="20977783" lat="13.0706759" lon="77.7953275"/>
 <node id="13898326534" visible="true" version="1" changeset="183432174" timestamp="2026-05-31T08:48:12Z" user="Smita Wankhede" uid="20977783" lat="13.0706701" lon="77.7954423"/>
 <node id="13898326535" visible="true" version="1" changeset="183432174" timestamp="2026-05-31T08:48:12Z" user="Smita Wankhede" uid="20977783" lat="13.0705618" lon="77.7954435"/>
 <node id="13898326536" visible="true" version="1" changeset="183432174" timestamp="2026-05-31T08:48:12Z" user="Smita Wankhede" uid="20977783" lat="13.0705699" lon="77.7953264"/>
 <node id="13898326537" visible="true" version="1" changeset="183432174" timestamp="2026-05-31T08:48:12Z" user="Smita Wankhede" uid="20977783" lat="13.0706813" lon="77.7952074"/>
 <node id="13898326538" visible="true" version="1" changeset="183432174" timestamp="2026-05-31T08:48:12Z" user="Smita Wankhede" uid="20977783" lat="13.0706755" lon="77.7953222"/>
 <node id="13898326539" visible="true" version="1" changeset="183432174" timestamp="2026-05-31T08:48:12Z" user="Smita Wankhede" uid="20977783" lat="13.0705672" lon="77.7953234"/>
 <node id="13898326540" visible="true" version="1" changeset="183432174" timestamp="2026-05-31T08:48:12Z" user="Smita Wankhede" uid="20977783" lat="13.0705753" lon="77.7952063"/>
 <node id="13898326541" visible="true" version="1" changeset="183432174" timestamp="2026-05-31T08:48:12Z" user="Smita Wankhede" uid="20977783" lat="13.0706746" lon="77.7950764"/>
 <node id="13898326542" visible="true" version="1" changeset="183432174" timestamp="2026-05-31T08:48:12Z" user="Smita Wankhede" uid="20977783" lat="13.0706688" lon="77.7951912"/>
 <node id="13898326543" visible="true" version="1" changeset="183432174" timestamp="2026-05-31T08:48:12Z" user="Smita Wankhede" uid="20977783" lat="13.0705604" lon="77.7951924"/>
 <node id="13898326544" visible="true" version="1" changeset="183432174" timestamp="2026-05-31T08:48:12Z" user="Smita Wankhede" uid="20977783" lat="13.0705685" lon="77.7950753"/>
 <node id="13898326545" visible="true" version="1" changeset="183432174" timestamp="2026-05-31T08:48:12Z" user="Smita Wankhede" uid="20977783" lat="13.0705617" lon="77.7950377"/>
 <node id="13898326546" visible="true" version="1" changeset="183432174" timestamp="2026-05-31T08:48:12Z" user="Smita Wankhede" uid="20977783" lat="13.0705559" lon="77.7951525"/>
 <node id="13898326547" visible="true" version="1" changeset="183432174" timestamp="2026-05-31T08:48:12Z" user="Smita Wankhede" uid="20977783" lat="13.0704476" lon="77.7951537"/>
 <node id="13898326548" visible="true" version="1" changeset="183432174" timestamp="2026-05-31T08:48:12Z" user="Smita Wankhede" uid="20977783" lat="13.0704557" lon="77.7950366"/>
 <node id="13898326549" visible="true" version="1" changeset="183432174" timestamp="2026-05-31T08:48:12Z" user="Smita Wankhede" uid="20977783" lat="13.0705630" lon="77.7952019"/>
 <node id="13898326550" visible="true" version="1" changeset="183432174" timestamp="2026-05-31T08:48:12Z" user="Smita Wankhede" uid="20977783" lat="13.0705572" lon="77.7953167"/>
 <node id="13898326551" visible="true" version="1" changeset="183432174" timestamp="2026-05-31T08:48:12Z" user="Smita Wankhede" uid="20977783" lat="13.0704489" lon="77.7953179"/>
 <node id="13898326552" visible="true" version="1" changeset="183432174" timestamp="2026-05-31T08:48:12Z" user="Smita Wankhede" uid="20977783" lat="13.0704570" lon="77.7952008"/>
 <node id="13898326553" visible="true" version="2" changeset="184842291" timestamp="2026-06-30T08:52:17Z" user="GoofyPixel" uid="23804275" lat="13.0706480" lon="77.7949007"/>
 <node id="13898326554" visible="true" version="2" changeset="184842291" timestamp="2026-06-30T08:52:17Z" user="GoofyPixel" uid="23804275" lat="13.0706539" lon="77.7950120"/>
 <node id="13898326555" visible="true" version="2" changeset="184842291" timestamp="2026-06-30T08:52:17Z" user="GoofyPixel" uid="23804275" lat="13.0705768" lon="77.7950164"/>
 <node id="13898326556" visible="true" version="2" changeset="184842291" timestamp="2026-06-30T08:52:17Z" user="GoofyPixel" uid="23804275" lat="13.0705709" lon="77.7949051"/>
 <node id="13898326557" visible="true" version="2" changeset="184842291" timestamp="2026-06-30T08:52:17Z" user="GoofyPixel" uid="23804275" lat="13.0705610" lon="77.7948719"/>
 <node id="13898326558" visible="true" version="2" changeset="184842291" timestamp="2026-06-30T08:52:17Z" user="GoofyPixel" uid="23804275" lat="13.0705631" lon="77.7949631"/>
 <node id="13898326559" visible="true" version="2" changeset="184842291" timestamp="2026-06-30T08:52:17Z" user="GoofyPixel" uid="23804275" lat="13.0704535" lon="77.7949658"/>
 <node id="13898326560" visible="true" version="2" changeset="184842291" timestamp="2026-06-30T08:52:17Z" user="GoofyPixel" uid="23804275" lat="13.0704514" lon="77.7948745"/>
 <node id="13898326561" visible="true" version="1" changeset="183432174" timestamp="2026-05-31T08:48:12Z" user="Smita Wankhede" uid="20977783" lat="13.0706410" lon="77.7947425"/>
 <node id="13898326562" visible="true" version="1" changeset="183432174" timestamp="2026-05-31T08:48:12Z" user="Smita Wankhede" uid="20977783" lat="13.0706352" lon="77.7948573"/>
 <node id="13898326563" visible="true" version="1" changeset="183432174" timestamp="2026-05-31T08:48:12Z" user="Smita Wankhede" uid="20977783" lat="13.0705269" lon="77.7948585"/>
 <node id="13898326564" visible="true" version="1" changeset="183432174" timestamp="2026-05-31T08:48:12Z" user="Smita Wankhede" uid="20977783" lat="13.0705350" lon="77.7947414"/>
 <node id="13898326565" visible="true" version="1" changeset="183432174" timestamp="2026-05-31T08:48:12Z" user="Smita Wankhede" uid="20977783" lat="13.0706262" lon="77.7946045"/>
 <node id="13898326566" visible="true" version="1" changeset="183432174" timestamp="2026-05-31T08:48:12Z" user="Smita Wankhede" uid="20977783" lat="13.0706204" lon="77.7947193"/>
 <node id="13898326567" visible="true" version="1" changeset="183432174" timestamp="2026-05-31T08:48:12Z" user="Smita Wankhede" uid="20977783" lat="13.0705121" lon="77.7947205"/>
 <node id="13898326568" visible="true" version="1" changeset="183432174" timestamp="2026-05-31T08:48:12Z" user="Smita Wankhede" uid="20977783" lat="13.0705202" lon="77.7946034"/>
 <node id="13898326569" visible="true" version="1" changeset="183432174" timestamp="2026-05-31T08:48:12Z" user="Smita Wankhede" uid="20977783" lat="13.0706396" lon="77.7944472"/>
 <node id="13898326570" visible="true" version="1" changeset="183432174" timestamp="2026-05-31T08:48:12Z" user="Smita Wankhede" uid="20977783" lat="13.0706338" lon="77.7945620"/>
 <node id="13898326571" visible="true" version="1" changeset="183432174" timestamp="2026-05-31T08:48:12Z" user="Smita Wankhede" uid="20977783" lat="13.0705255" lon="77.7945632"/>
 <node id="13898326572" visible="true" version="1" changeset="183432174" timestamp="2026-05-31T08:48:12Z" user="Smita Wankhede" uid="20977783" lat="13.0705336" lon="77.7944461"/>
 <node id="13898342050" visible="true" version="1" changeset="183433928" timestamp="2026-05-31T09:30:03Z" user="Smita Wankhede" uid="20977783" lat="13.0696494" lon="77.7929157"/>
 <node id="13898342051" visible="true" version="1" changeset="183433928" timestamp="2026-05-31T09:30:03Z" user="Smita Wankhede" uid="20977783" lat="13.0696436" lon="77.7930305"/>
 <node id="13898342052" visible="true" version="1" changeset="183433928" timestamp="2026-05-31T09:30:03Z" user="Smita Wankhede" uid="20977783" lat="13.0695353" lon="77.7930317"/>
 <node id="13898342053" visible="true" version="1" changeset="183433928" timestamp="2026-05-31T09:30:03Z" user="Smita Wankhede" uid="20977783" lat="13.0695434" lon="77.7929146"/>
 <node id="13898342054" visible="true" version="1" changeset="183433928" timestamp="2026-05-31T09:30:03Z" user="Smita Wankhede" uid="20977783" lat="13.0696629" lon="77.7931006"/>
 <node id="13898342055" visible="true" version="1" changeset="183433928" timestamp="2026-05-31T09:30:03Z" user="Smita Wankhede" uid="20977783" lat="13.0696571" lon="77.7932154"/>
 <node id="13898342056" visible="true" version="1" changeset="183433928" timestamp="2026-05-31T09:30:03Z" user="Smita Wankhede" uid="20977783" lat="13.0695488" lon="77.7932166"/>
 <node id="13898342057" visible="true" version="1" changeset="183433928" timestamp="2026-05-31T09:30:03Z" user="Smita Wankhede" uid="20977783" lat="13.0695569" lon="77.7930995"/>
 <node id="13898342058" visible="true" version="1" changeset="183433928" timestamp="2026-05-31T09:30:03Z" user="Smita Wankhede" uid="20977783" lat="13.0695500" lon="77.7930703"/>
 <node id="13898342059" visible="true" version="1" changeset="183433928" timestamp="2026-05-31T09:30:03Z" user="Smita Wankhede" uid="20977783" lat="13.0695442" lon="77.7931851"/>
 <node id="13898342060" visible="true" version="1" changeset="183433928" timestamp="2026-05-31T09:30:03Z" user="Smita Wankhede" uid="20977783" lat="13.0694359" lon="77.7931863"/>
 <node id="13898342061" visible="true" version="1" changeset="183433928" timestamp="2026-05-31T09:30:03Z" user="Smita Wankhede" uid="20977783" lat="13.0694440" lon="77.7930692"/>
 <node id="13898342062" visible="true" version="1" changeset="183433928" timestamp="2026-05-31T09:30:03Z" user="Smita Wankhede" uid="20977783" lat="13.0694317" lon="77.7930620"/>
 <node id="13898342063" visible="true" version="1" changeset="183433928" timestamp="2026-05-31T09:30:03Z" user="Smita Wankhede" uid="20977783" lat="13.0694259" lon="77.7931768"/>
 <node id="13898342064" visible="true" version="1" changeset="183433928" timestamp="2026-05-31T09:30:03Z" user="Smita Wankhede" uid="20977783" lat="13.0693176" lon="77.7931780"/>
 <node id="13898342065" visible="true" version="1" changeset="183433928" timestamp="2026-05-31T09:30:03Z" user="Smita Wankhede" uid="20977783" lat="13.0693257" lon="77.7930609"/>
 <node id="13898342066" visible="true" version="1" changeset="183433928" timestamp="2026-05-31T09:30:03Z" user="Smita Wankhede" uid="20977783" lat="13.0693108" lon="77.7930565"/>
 <node id="13898342067" visible="true" version="1" changeset="183433928" timestamp="2026-05-31T09:30:03Z" user="Smita Wankhede" uid="20977783" lat="13.0693050" lon="77.7931713"/>
 <node id="13898342068" visible="true" version="1" changeset="183433928" timestamp="2026-05-31T09:30:03Z" user="Smita Wankhede" uid="20977783" lat="13.0691967" lon="77.7931725"/>
 <node id="13898342069" visible="true" version="1" changeset="183433928" timestamp="2026-05-31T09:30:03Z" user="Smita Wankhede" uid="20977783" lat="13.0692048" lon="77.7930554"/>
 <node id="13898342070" visible="true" version="1" changeset="183433928" timestamp="2026-05-31T09:30:03Z" user="Smita Wankhede" uid="20977783" lat="13.0691925" lon="77.7930482"/>
 <node id="13898342071" visible="true" version="1" changeset="183433928" timestamp="2026-05-31T09:30:03Z" user="Smita Wankhede" uid="20977783" lat="13.0691867" lon="77.7931630"/>
 <node id="13898342072" visible="true" version="1" changeset="183433928" timestamp="2026-05-31T09:30:03Z" user="Smita Wankhede" uid="20977783" lat="13.0690784" lon="77.7931642"/>
 <node id="13898342073" visible="true" version="1" changeset="183433928" timestamp="2026-05-31T09:30:03Z" user="Smita Wankhede" uid="20977783" lat="13.0690865" lon="77.7930471"/>
 <node id="13898342074" visible="true" version="1" changeset="183433928" timestamp="2026-05-31T09:30:03Z" user="Smita Wankhede" uid="20977783" lat="13.0695769" lon="77.7933462"/>
 <node id="13898342075" visible="true" version="1" changeset="183433928" timestamp="2026-05-31T09:30:03Z" user="Smita Wankhede" uid="20977783" lat="13.0695711" lon="77.7934610"/>
 <node id="13898342076" visible="true" version="1" changeset="183433928" timestamp="2026-05-31T09:30:03Z" user="Smita Wankhede" uid="20977783" lat="13.0694628" lon="77.7934622"/>
 <node id="13898342077" visible="true" version="1" changeset="183433928" timestamp="2026-05-31T09:30:03Z" user="Smita Wankhede" uid="20977783" lat="13.0694709" lon="77.7933451"/>
 <node id="13898342078" visible="true" version="1" changeset="183433928" timestamp="2026-05-31T09:30:03Z" user="Smita Wankhede" uid="20977783" lat="13.0694479" lon="77.7933352"/>
 <node id="13898342079" visible="true" version="1" changeset="183433928" timestamp="2026-05-31T09:30:03Z" user="Smita Wankhede" uid="20977783" lat="13.0694421" lon="77.7934500"/>
 <node id="13898342080" visible="true" version="1" changeset="183433928" timestamp="2026-05-31T09:30:03Z" user="Smita Wankhede" uid="20977783" lat="13.0693338" lon="77.7934512"/>
 <node id="13898342081" visible="true" version="1" changeset="183433928" timestamp="2026-05-31T09:30:03Z" user="Smita Wankhede" uid="20977783" lat="13.0693419" lon="77.7933341"/>
 <node id="13898342082" visible="true" version="1" changeset="183433928" timestamp="2026-05-31T09:30:03Z" user="Smita Wankhede" uid="20977783" lat="13.0693242" lon="77.7933241"/>
 <node id="13898342083" visible="true" version="1" changeset="183433928" timestamp="2026-05-31T09:30:03Z" user="Smita Wankhede" uid="20977783" lat="13.0693184" lon="77.7934389"/>
 <node id="13898342084" visible="true" version="1" changeset="183433928" timestamp="2026-05-31T09:30:03Z" user="Smita Wankhede" uid="20977783" lat="13.0692101" lon="77.7934401"/>
 <node id="13898342085" visible="true" version="1" changeset="183433928" timestamp="2026-05-31T09:30:03Z" user="Smita Wankhede" uid="20977783" lat="13.0692182" lon="77.7933230"/>
 <node id="13898342086" visible="true" version="1" changeset="183433928" timestamp="2026-05-31T09:30:03Z" user="Smita Wankhede" uid="20977783" lat="13.0691845" lon="77.7933048"/>
 <node id="13898342087" visible="true" version="1" changeset="183433928" timestamp="2026-05-31T09:30:03Z" user="Smita Wankhede" uid="20977783" lat="13.0691787" lon="77.7934196"/>
 <node id="13898342088" visible="true" version="1" changeset="183433928" timestamp="2026-05-31T09:30:03Z" user="Smita Wankhede" uid="20977783" lat="13.0690703" lon="77.7934208"/>
 <node id="13898342089" visible="true" version="1" changeset="183433928" timestamp="2026-05-31T09:30:03Z" user="Smita Wankhede" uid="20977783" lat="13.0690784" lon="77.7933037"/>
 <node id="13898342090" visible="true" version="1" changeset="183433928" timestamp="2026-05-31T09:30:03Z" user="Smita Wankhede" uid="20977783" lat="13.0689909" lon="77.7934317"/>
 <node id="13898342091" visible="true" version="1" changeset="183433928" timestamp="2026-05-31T09:30:03Z" user="Smita Wankhede" uid="20977783" lat="13.0689851" lon="77.7935465"/>
 <node id="13898342092" visible="true" version="1" changeset="183433928" timestamp="2026-05-31T09:30:03Z" user="Smita Wankhede" uid="20977783" lat="13.0688768" lon="77.7935477"/>
 <node id="13898342093" visible="true" version="1" changeset="183433928" timestamp="2026-05-31T09:30:03Z" user="Smita Wankhede" uid="20977783" lat="13.0688849" lon="77.7934306"/>
 <node id="13898342094" visible="true" version="1" changeset="183433928" timestamp="2026-05-31T09:30:03Z" user="Smita Wankhede" uid="20977783" lat="13.0688727" lon="77.7934290"/>
 <node id="13898342095" visible="true" version="1" changeset="183433928" timestamp="2026-05-31T09:30:03Z" user="Smita Wankhede" uid="20977783" lat="13.0688669" lon="77.7935438"/>
 <node id="13898342096" visible="true" version="1" changeset="183433928" timestamp="2026-05-31T09:30:03Z" user="Smita Wankhede" uid="20977783" lat="13.0687586" lon="77.7935450"/>
 <node id="13898342097" visible="true" version="1" changeset="183433928" timestamp="2026-05-31T09:30:03Z" user="Smita Wankhede" uid="20977783" lat="13.0687667" lon="77.7934279"/>
 <node id="13898342098" visible="true" version="1" changeset="183433928" timestamp="2026-05-31T09:30:03Z" user="Smita Wankhede" uid="20977783" lat="13.0688969" lon="77.7931144"/>
 <node id="13898342099" visible="true" version="1" changeset="183433928" timestamp="2026-05-31T09:30:03Z" user="Smita Wankhede" uid="20977783" lat="13.0688911" lon="77.7932292"/>
 <node id="13898342100" visible="true" version="1" changeset="183433928" timestamp="2026-05-31T09:30:03Z" user="Smita Wankhede" uid="20977783" lat="13.0687827" lon="77.7932304"/>
 <node id="13898344301" visible="true" version="1" changeset="183432893" timestamp="2026-05-31T09:07:19Z" user="Smita Wankhede" uid="20977783" lat="13.0708244" lon="77.7938961"/>
 <node id="13898344302" visible="true" version="1" changeset="183432893" timestamp="2026-05-31T09:07:19Z" user="Smita Wankhede" uid="20977783" lat="13.0708325" lon="77.7937790"/>
 <node id="13898344303" visible="true" version="1" changeset="183432893" timestamp="2026-05-31T09:07:19Z" user="Smita Wankhede" uid="20977783" lat="13.0709589" lon="77.7936401"/>
 <node id="13898344304" visible="true" version="1" changeset="183432893" timestamp="2026-05-31T09:07:19Z" user="Smita Wankhede" uid="20977783" lat="13.0709531" lon="77.7937549"/>
 <node id="13898344305" visible="true" version="1" changeset="183432893" timestamp="2026-05-31T09:07:19Z" user="Smita Wankhede" uid="20977783" lat="13.0708448" lon="77.7937561"/>
 <node id="13898344306" visible="true" version="1" changeset="183432893" timestamp="2026-05-31T09:07:19Z" user="Smita Wankhede" uid="20977783" lat="13.0708529" lon="77.7936390"/>
 <node id="13898344307" visible="true" version="1" changeset="183432893" timestamp="2026-05-31T09:07:19Z" user="Smita Wankhede" uid="20977783" lat="13.0709511" lon="77.7934920"/>
 <node id="13898344308" visible="true" version="1" changeset="183432893" timestamp="2026-05-31T09:07:19Z" user="Smita Wankhede" uid="20977783" lat="13.0709453" lon="77.7936068"/>
 <node id="13898344309" visible="true" version="1" changeset="183432893" timestamp="2026-05-31T09:07:19Z" user="Smita Wankhede" uid="20977783" lat="13.0708370" lon="77.7936080"/>
 <node id="13898344310" visible="true" version="1" changeset="183432893" timestamp="2026-05-31T09:07:19Z" user="Smita Wankhede" uid="20977783" lat="13.0708451" lon="77.7934909"/>
 <node id="13898344311" visible="true" version="1" changeset="183432893" timestamp="2026-05-31T09:07:19Z" user="Smita Wankhede" uid="20977783" lat="13.0708116" lon="77.7935194"/>
 <node id="13898344312" visible="true" version="1" changeset="183432893" timestamp="2026-05-31T09:07:19Z" user="Smita Wankhede" uid="20977783" lat="13.0708058" lon="77.7936342"/>
 <node id="13898344313" visible="true" version="1" changeset="183432893" timestamp="2026-05-31T09:07:19Z" user="Smita Wankhede" uid="20977783" lat="13.0706975" lon="77.7936354"/>
 <node id="13898344314" visible="true" version="1" changeset="183432893" timestamp="2026-05-31T09:07:19Z" user="Smita Wankhede" uid="20977783" lat="13.0707056" lon="77.7935183"/>
 <node id="13898344315" visible="true" version="1" changeset="183432893" timestamp="2026-05-31T09:07:19Z" user="Smita Wankhede" uid="20977783" lat="13.0708210" lon="77.7937640"/>
 <node id="13898344316" visible="true" version="1" changeset="183432893" timestamp="2026-05-31T09:07:19Z" user="Smita Wankhede" uid="20977783" lat="13.0708152" lon="77.7938788"/>
 <node id="13898344317" visible="true" version="1" changeset="183432893" timestamp="2026-05-31T09:07:19Z" user="Smita Wankhede" uid="20977783" lat="13.0707069" lon="77.7938800"/>
 <node id="13898344318" visible="true" version="1" changeset="183432893" timestamp="2026-05-31T09:07:19Z" user="Smita Wankhede" uid="20977783" lat="13.0707150" lon="77.7937629"/>
 <node id="13898344319" visible="true" version="1" changeset="183432893" timestamp="2026-05-31T09:07:19Z" user="Smita Wankhede" uid="20977783" lat="13.0708272" lon="77.7939378"/>
 <node id="13898344320" visible="true" version="1" changeset="183432893" timestamp="2026-05-31T09:07:19Z" user="Smita Wankhede" uid="20977783" lat="13.0708214" lon="77.7940526"/>
 <node id="13898344321" visible="true" version="1" changeset="183432893" timestamp="2026-05-31T09:07:19Z" user="Smita Wankhede" uid="20977783" lat="13.0707131" lon="77.7940538"/>
 <node id="13898344322" visible="true" version="1" changeset="183432893" timestamp="2026-05-31T09:07:19Z" user="Smita Wankhede" uid="20977783" lat="13.0707212" lon="77.7939367"/>
 <node id="13898344323" visible="true" version="1" changeset="183432893" timestamp="2026-05-31T09:07:19Z" user="Smita Wankhede" uid="20977783" lat="13.0708178" lon="77.7941776"/>
 <node id="13898344324" visible="true" version="1" changeset="183432893" timestamp="2026-05-31T09:07:19Z" user="Smita Wankhede" uid="20977783" lat="13.0708120" lon="77.7942924"/>
 <node id="13898344325" visible="true" version="1" changeset="183432893" timestamp="2026-05-31T09:07:19Z" user="Smita Wankhede" uid="20977783" lat="13.0707037" lon="77.7942936"/>
 <node id="13898344326" visible="true" version="1" changeset="183432893" timestamp="2026-05-31T09:07:19Z" user="Smita Wankhede" uid="20977783" lat="13.0707118" lon="77.7941765"/>
 <node id="13898344327" visible="true" version="1" changeset="183432893" timestamp="2026-05-31T09:07:19Z" user="Smita Wankhede" uid="20977783" lat="13.0708053" lon="77.7944255"/>
 <node id="13898344328" visible="true" version="1" changeset="183432893" timestamp="2026-05-31T09:07:19Z" user="Smita Wankhede" uid="20977783" lat="13.0707995" lon="77.7945403"/>
 <node id="13898344329" visible="true" version="1" changeset="183432893" timestamp="2026-05-31T09:07:19Z" user="Smita Wankhede" uid="20977783" lat="13.0706912" lon="77.7945415"/>
 <node id="13898344330" visible="true" version="1" changeset="183432893" timestamp="2026-05-31T09:07:19Z" user="Smita Wankhede" uid="20977783" lat="13.0706993" lon="77.7944244"/>
 <node id="13898344331" visible="true" version="1" changeset="183432893" timestamp="2026-05-31T09:07:19Z" user="Smita Wankhede" uid="20977783" lat="13.0709260" lon="77.7947635"/>
 <node id="13898344332" visible="true" version="1" changeset="183432893" timestamp="2026-05-31T09:07:19Z" user="Smita Wankhede" uid="20977783" lat="13.0709202" lon="77.7948783"/>
 <node id="13898344333" visible="true" version="1" changeset="183432893" timestamp="2026-05-31T09:07:19Z" user="Smita Wankhede" uid="20977783" lat="13.0708119" lon="77.7948795"/>
 <node id="13898344334" visible="true" version="1" changeset="183432893" timestamp="2026-05-31T09:07:19Z" user="Smita Wankhede" uid="20977783" lat="13.0708200" lon="77.7947624"/>
 <node id="13898344379" visible="true" version="1" changeset="183432893" timestamp="2026-05-31T09:07:19Z" user="Smita Wankhede" uid="20977783" lat="13.0706187" lon="77.7942147"/>
 <node id="13898344380" visible="true" version="1" changeset="183432893" timestamp="2026-05-31T09:07:19Z" user="Smita Wankhede" uid="20977783" lat="13.0706129" lon="77.7943295"/>
 <node id="13898344381" visible="true" version="1" changeset="183432893" timestamp="2026-05-31T09:07:19Z" user="Smita Wankhede" uid="20977783" lat="13.0705046" lon="77.7943307"/>
 <node id="13898344382" visible="true" version="1" changeset="183432893" timestamp="2026-05-31T09:07:19Z" user="Smita Wankhede" uid="20977783" lat="13.0705127" lon="77.7942136"/>
 <node id="13898344383" visible="true" version="1" changeset="183432893" timestamp="2026-05-31T09:07:19Z" user="Smita Wankhede" uid="20977783" lat="13.0705356" lon="77.7943531"/>
 <node id="13898344384" visible="true" version="1" changeset="183432893" timestamp="2026-05-31T09:07:19Z" user="Smita Wankhede" uid="20977783" lat="13.0705298" lon="77.7944679"/>
 <node id="13898344385" visible="true" version="1" changeset="183432893" timestamp="2026-05-31T09:07:19Z" user="Smita Wankhede" uid="20977783" lat="13.0704215" lon="77.7944691"/>
 <node id="13898344386" visible="true" version="1" changeset="183432893" timestamp="2026-05-31T09:07:19Z" user="Smita Wankhede" uid="20977783" lat="13.0704296" lon="77.7943520"/>
 <node id="13898344387" visible="true" version="1" changeset="183432893" timestamp="2026-05-31T09:07:19Z" user="Smita Wankhede" uid="20977783" lat="13.0706109" lon="77.7939877"/>
 <node id="13898344388" visible="true" version="1" changeset="183432893" timestamp="2026-05-31T09:07:19Z" user="Smita Wankhede" uid="20977783" lat="13.0706051" lon="77.7941025"/>
 <node id="13898344389" visible="true" version="1" changeset="183432893" timestamp="2026-05-31T09:07:19Z" user="Smita Wankhede" uid="20977783" lat="13.0704968" lon="77.7941037"/>
 <node id="13898344390" visible="true" version="1" changeset="183432893" timestamp="2026-05-31T09:07:19Z" user="Smita Wankhede" uid="20977783" lat="13.0705049" lon="77.7939866"/>
 <node id="13898344391" visible="true" version="1" changeset="183432893" timestamp="2026-05-31T09:07:19Z" user="Smita Wankhede" uid="20977783" lat="13.0706015" lon="77.7938059"/>
 <node id="13898344392" visible="true" version="1" changeset="183432893" timestamp="2026-05-31T09:07:19Z" user="Smita Wankhede" uid="20977783" lat="13.0705957" lon="77.7939207"/>
 <node id="13898344393" visible="true" version="1" changeset="183432893" timestamp="2026-05-31T09:07:19Z" user="Smita Wankhede" uid="20977783" lat="13.0704874" lon="77.7939219"/>
 <node id="13898344394" visible="true" version="1" changeset="183432893" timestamp="2026-05-31T09:07:19Z" user="Smita Wankhede" uid="20977783" lat="13.0704955" lon="77.7938048"/>
 <node id="13898344395" visible="true" version="1" changeset="183432893" timestamp="2026-05-31T09:07:19Z" user="Smita Wankhede" uid="20977783" lat="13.0705999" lon="77.7936514"/>
 <node id="13898344396" visible="true" version="1" changeset="183432893" timestamp="2026-05-31T09:07:19Z" user="Smita Wankhede" uid="20977783" lat="13.0705941" lon="77.7937662"/>
 <node id="13898344397" visible="true" version="1" changeset="183432893" timestamp="2026-05-31T09:07:19Z" user="Smita Wankhede" uid="20977783" lat="13.0704858" lon="77.7937674"/>
 <node id="13898344398" visible="true" version="1" changeset="183432893" timestamp="2026-05-31T09:07:19Z" user="Smita Wankhede" uid="20977783" lat="13.0704939" lon="77.7936503"/>
 <node id="13898344399" visible="true" version="1" changeset="183432893" timestamp="2026-05-31T09:07:19Z" user="Smita Wankhede" uid="20977783" lat="13.0703522" lon="77.7942179"/>
 <node id="13898344400" visible="true" version="1" changeset="183432893" timestamp="2026-05-31T09:07:19Z" user="Smita Wankhede" uid="20977783" lat="13.0703464" lon="77.7943327"/>
 <node id="13898344401" visible="true" version="1" changeset="183432893" timestamp="2026-05-31T09:07:19Z" user="Smita Wankhede" uid="20977783" lat="13.0702381" lon="77.7943339"/>
 <node id="13898344402" visible="true" version="1" changeset="183432893" timestamp="2026-05-31T09:07:19Z" user="Smita Wankhede" uid="20977783" lat="13.0702462" lon="77.7942168"/>
 <node id="13898344403" visible="true" version="1" changeset="183432893" timestamp="2026-05-31T09:07:19Z" user="Smita Wankhede" uid="20977783" lat="13.0703647" lon="77.7940494"/>
 <node id="13898344404" visible="true" version="1" changeset="183432893" timestamp="2026-05-31T09:07:19Z" user="Smita Wankhede" uid="20977783" lat="13.0703589" lon="77.7941642"/>
 <node id="13898344405" visible="true" version="1" changeset="183432893" timestamp="2026-05-31T09:07:19Z" user="Smita Wankhede" uid="20977783" lat="13.0702506" lon="77.7941654"/>
 <node id="13898344406" visible="true" version="1" changeset="183432893" timestamp="2026-05-31T09:07:19Z" user="Smita Wankhede" uid="20977783" lat="13.0702587" lon="77.7940483"/>
 <node id="13898344407" visible="true" version="1" changeset="183432893" timestamp="2026-05-31T09:07:19Z" user="Smita Wankhede" uid="20977783" lat="13.0703459" lon="77.7938917"/>
 <node id="13898344408" visible="true" version="1" changeset="183432893" timestamp="2026-05-31T09:07:19Z" user="Smita Wankhede" uid="20977783" lat="13.0703401" lon="77.7940065"/>
 <node id="13898344409" visible="true" version="1" changeset="183432893" timestamp="2026-05-31T09:07:19Z" user="Smita Wankhede" uid="20977783" lat="13.0702318" lon="77.7940077"/>
 <node id="13898344410" visible="true" version="1" changeset="183432893" timestamp="2026-05-31T09:07:19Z" user="Smita Wankhede" uid="20977783" lat="13.0702399" lon="77.7938906"/>
 <node id="13898344411" visible="true" version="1" changeset="183432893" timestamp="2026-05-31T09:07:19Z" user="Smita Wankhede" uid="20977783" lat="13.0702362" lon="77.7938981"/>
 <node id="13898344412" visible="true" version="1" changeset="183432893" timestamp="2026-05-31T09:07:19Z" user="Smita Wankhede" uid="20977783" lat="13.0702304" lon="77.7940129"/>
 <node id="13898344413" visible="true" version="1" changeset="183432893" timestamp="2026-05-31T09:07:19Z" user="Smita Wankhede" uid="20977783" lat="13.0701221" lon="77.7940141"/>
 <node id="13898344414" visible="true" version="1" changeset="183432893" timestamp="2026-05-31T09:07:19Z" user="Smita Wankhede" uid="20977783" lat="13.0701302" lon="77.7938970"/>
 <node id="13898344415" visible="true" version="1" changeset="183432893" timestamp="2026-05-31T09:07:19Z" user="Smita Wankhede" uid="20977783" lat="13.0701217" lon="77.7938917"/>
 <node id="13898344416" visible="true" version="1" changeset="183432893" timestamp="2026-05-31T09:07:19Z" user="Smita Wankhede" uid="20977783" lat="13.0701159" lon="77.7940065"/>
 <node id="13898344417" visible="true" version="1" changeset="183432893" timestamp="2026-05-31T09:07:19Z" user="Smita Wankhede" uid="20977783" lat="13.0700076" lon="77.7940077"/>
 <node id="13898344418" visible="true" version="1" changeset="183432893" timestamp="2026-05-31T09:07:19Z" user="Smita Wankhede" uid="20977783" lat="13.0700157" lon="77.7938906"/>
 <node id="13898344419" visible="true" version="1" changeset="183432893" timestamp="2026-05-31T09:07:19Z" user="Smita Wankhede" uid="20977783" lat="13.0702503" lon="77.7940333"/>
 <node id="13898344420" visible="true" version="1" changeset="183432893" timestamp="2026-05-31T09:07:19Z" user="Smita Wankhede" uid="20977783" lat="13.0702445" lon="77.7941481"/>
 <node id="13898344421" visible="true" version="1" changeset="183432893" timestamp="2026-05-31T09:07:19Z" user="Smita Wankhede" uid="20977783" lat="13.0701362" lon="77.7941493"/>
 <node id="13898344422" visible="true" version="1" changeset="183432893" timestamp="2026-05-31T09:07:19Z" user="Smita Wankhede" uid="20977783" lat="13.0701443" lon="77.7940322"/>
 <node id="13898344423" visible="true" version="1" changeset="183432893" timestamp="2026-05-31T09:07:19Z" user="Smita Wankhede" uid="20977783" lat="13.0701233" lon="77.7940349"/>
 <node id="13898344424" visible="true" version="1" changeset="183432893" timestamp="2026-05-31T09:07:19Z" user="Smita Wankhede" uid="20977783" lat="13.0701175" lon="77.7941497"/>
 <node id="13898344425" visible="true" version="1" changeset="183432893" timestamp="2026-05-31T09:07:19Z" user="Smita Wankhede" uid="20977783" lat="13.0700092" lon="77.7941509"/>
 <node id="13898344426" visible="true" version="1" changeset="183432893" timestamp="2026-05-31T09:07:19Z" user="Smita Wankhede" uid="20977783" lat="13.0700173" lon="77.7940338"/>
 <node id="13898344427" visible="true" version="1" changeset="183432893" timestamp="2026-05-31T09:07:19Z" user="Smita Wankhede" uid="20977783" lat="13.0702440" lon="77.7942039"/>
 <node id="13898344428" visible="true" version="1" changeset="183432893" timestamp="2026-05-31T09:07:19Z" user="Smita Wankhede" uid="20977783" lat="13.0702382" lon="77.7943187"/>
 <node id="13898344429" visible="true" version="1" changeset="183432893" timestamp="2026-05-31T09:07:19Z" user="Smita Wankhede" uid="20977783" lat="13.0701299" lon="77.7943199"/>
 <node id="13898344430" visible="true" version="1" changeset="183432893" timestamp="2026-05-31T09:07:19Z" user="Smita Wankhede" uid="20977783" lat="13.0701380" lon="77.7942028"/>
 <node id="13898344431" visible="true" version="1" changeset="183432893" timestamp="2026-05-31T09:07:19Z" user="Smita Wankhede" uid="20977783" lat="13.0701108" lon="77.7942135"/>
 <node id="13898344432" visible="true" version="1" changeset="183432893" timestamp="2026-05-31T09:07:19Z" user="Smita Wankhede" uid="20977783" lat="13.0701050" lon="77.7943283"/>
 <node id="13898344433" visible="true" version="1" changeset="183432893" timestamp="2026-05-31T09:07:19Z" user="Smita Wankhede" uid="20977783" lat="13.0699967" lon="77.7943295"/>
 <node id="13898344434" visible="true" version="1" changeset="183432893" timestamp="2026-05-31T09:07:19Z" user="Smita Wankhede" uid="20977783" lat="13.0700048" lon="77.7942124"/>
 <node id="13898344435" visible="true" version="1" changeset="183432893" timestamp="2026-05-31T09:07:19Z" user="Smita Wankhede" uid="20977783" lat="13.0701045" lon="77.7943439"/>
 <node id="13898344436" visible="true" version="1" changeset="183432893" timestamp="2026-05-31T09:07:19Z" user="Smita Wankhede" uid="20977783" lat="13.0700987" lon="77.7944587"/>
 <node id="13898344437" visible="true" version="1" changeset="183432893" timestamp="2026-05-31T09:07:19Z" user="Smita Wankhede" uid="20977783" lat="13.0699904" lon="77.7944599"/>
 <node id="13898344438" visible="true" version="1" changeset="183432893" timestamp="2026-05-31T09:07:19Z" user="Smita Wankhede" uid="20977783" lat="13.0699985" lon="77.7943428"/>
 <node id="13898344439" visible="true" version="1" changeset="183432893" timestamp="2026-05-31T09:07:19Z" user="Smita Wankhede" uid="20977783" lat="13.0702378" lon="77.7943391"/>
 <node id="13898344440" visible="true" version="1" changeset="183432893" timestamp="2026-05-31T09:07:19Z" user="Smita Wankhede" uid="20977783" lat="13.0702320" lon="77.7944539"/>
 <node id="13898344441" visible="true" version="1" changeset="183432893" timestamp="2026-05-31T09:07:19Z" user="Smita Wankhede" uid="20977783" lat="13.0701237" lon="77.7944551"/>
 <node id="13898344442" visible="true" version="1" changeset="183432893" timestamp="2026-05-31T09:07:19Z" user="Smita Wankhede" uid="20977783" lat="13.0701318" lon="77.7943380"/>
 <node id="13898344443" visible="true" version="1" changeset="183432893" timestamp="2026-05-31T09:07:19Z" user="Smita Wankhede" uid="20977783" lat="13.0703851" lon="77.7944018"/>
 <node id="13898344444" visible="true" version="1" changeset="183432893" timestamp="2026-05-31T09:07:19Z" user="Smita Wankhede" uid="20977783" lat="13.0703793" lon="77.7945166"/>
 <node id="13898344445" visible="true" version="1" changeset="183432893" timestamp="2026-05-31T09:07:19Z" user="Smita Wankhede" uid="20977783" lat="13.0702710" lon="77.7945178"/>
 <node id="13898344446" visible="true" version="1" changeset="183432893" timestamp="2026-05-31T09:07:19Z" user="Smita Wankhede" uid="20977783" lat="13.0702791" lon="77.7944007"/>
 <node id="13898344447" visible="true" version="1" changeset="183432893" timestamp="2026-05-31T09:07:19Z" user="Smita Wankhede" uid="20977783" lat="13.0703804" lon="77.7947125"/>
 <node id="13898344448" visible="true" version="1" changeset="183432893" timestamp="2026-05-31T09:07:19Z" user="Smita Wankhede" uid="20977783" lat="13.0703746" lon="77.7948273"/>
 <node id="13898344449" visible="true" version="1" changeset="183432893" timestamp="2026-05-31T09:07:19Z" user="Smita Wankhede" uid="20977783" lat="13.0702663" lon="77.7948285"/>
 <node id="13898344450" visible="true" version="1" changeset="183432893" timestamp="2026-05-31T09:07:19Z" user="Smita Wankhede" uid="20977783" lat="13.0702744" lon="77.7947114"/>
 <node id="13898344451" visible="true" version="1" changeset="183432893" timestamp="2026-05-31T09:07:19Z" user="Smita Wankhede" uid="20977783" lat="13.0703820" lon="77.7945901"/>
 <node id="13898344452" visible="true" version="1" changeset="183432893" timestamp="2026-05-31T09:07:19Z" user="Smita Wankhede" uid="20977783" lat="13.0703762" lon="77.7947049"/>
 <node id="13898344453" visible="true" version="1" changeset="183432893" timestamp="2026-05-31T09:07:19Z" user="Smita Wankhede" uid="20977783" lat="13.0702679" lon="77.7947061"/>
 <node id="13898344454" visible="true" version="1" changeset="183432893" timestamp="2026-05-31T09:07:19Z" user="Smita Wankhede" uid="20977783" lat="13.0702760" lon="77.7945890"/>
 <node id="13898344455" visible="true" version="1" changeset="183432893" timestamp="2026-05-31T09:07:19Z" user="Smita Wankhede" uid="20977783" lat="13.0702597" lon="77.7945934"/>
 <node id="13898344456" visible="true" version="1" changeset="183432893" timestamp="2026-05-31T09:07:19Z" user="Smita Wankhede" uid="20977783" lat="13.0702539" lon="77.7947082"/>
 <node id="13898344457" visible="true" version="1" changeset="183432893" timestamp="2026-05-31T09:07:19Z" user="Smita Wankhede" uid="20977783" lat="13.0701456" lon="77.7947094"/>
 <node id="13898344458" visible="true" version="1" changeset="183432893" timestamp="2026-05-31T09:07:19Z" user="Smita Wankhede" uid="20977783" lat="13.0701537" lon="77.7945923"/>
 <node id="13898344459" visible="true" version="1" changeset="183432893" timestamp="2026-05-31T09:07:19Z" user="Smita Wankhede" uid="20977783" lat="13.0702581" lon="77.7947302"/>
 <node id="13898344460" visible="true" version="1" changeset="183432893" timestamp="2026-05-31T09:07:19Z" user="Smita Wankhede" uid="20977783" lat="13.0702523" lon="77.7948450"/>
 <node id="13898344461" visible="true" version="1" changeset="183432893" timestamp="2026-05-31T09:07:19Z" user="Smita Wankhede" uid="20977783" lat="13.0701440" lon="77.7948462"/>
 <node id="13898344462" visible="true" version="1" changeset="183432893" timestamp="2026-05-31T09:07:19Z" user="Smita Wankhede" uid="20977783" lat="13.0701521" lon="77.7947291"/>
 <node id="13898344463" visible="true" version="1" changeset="183432893" timestamp="2026-05-31T09:07:19Z" user="Smita Wankhede" uid="20977783" lat="13.0701108" lon="77.7947398"/>
 <node id="13898344464" visible="true" version="1" changeset="183432893" timestamp="2026-05-31T09:07:19Z" user="Smita Wankhede" uid="20977783" lat="13.0701050" lon="77.7948546"/>
 <node id="13898344465" visible="true" version="1" changeset="183432893" timestamp="2026-05-31T09:07:19Z" user="Smita Wankhede" uid="20977783" lat="13.0699967" lon="77.7948558"/>
 <node id="13898344466" visible="true" version="1" changeset="183432893" timestamp="2026-05-31T09:07:19Z" user="Smita Wankhede" uid="20977783" lat="13.0700048" lon="77.7947387"/>
 <node id="13898344467" visible="true" version="1" changeset="183432893" timestamp="2026-05-31T09:07:19Z" user="Smita Wankhede" uid="20977783" lat="13.0701139" lon="77.7946062"/>
 <node id="13898344468" visible="true" version="1" changeset="183432893" timestamp="2026-05-31T09:07:19Z" user="Smita Wankhede" uid="20977783" lat="13.0701081" lon="77.7947210"/>
 <node id="13898344469" visible="true" version="1" changeset="183432893" timestamp="2026-05-31T09:07:19Z" user="Smita Wankhede" uid="20977783" lat="13.0699998" lon="77.7947222"/>
 <node id="13898344470" visible="true" version="1" changeset="183432893" timestamp="2026-05-31T09:07:19Z" user="Smita Wankhede" uid="20977783" lat="13.0700079" lon="77.7946051"/>
 <node id="13898344471" visible="true" version="1" changeset="183432893" timestamp="2026-05-31T09:07:19Z" user="Smita Wankhede" uid="20977783" lat="13.0703867" lon="77.7948847"/>
 <node id="13898344472" visible="true" version="1" changeset="183432893" timestamp="2026-05-31T09:07:19Z" user="Smita Wankhede" uid="20977783" lat="13.0703809" lon="77.7949995"/>
 <node id="13898344473" visible="true" version="1" changeset="183432893" timestamp="2026-05-31T09:07:19Z" user="Smita Wankhede" uid="20977783" lat="13.0702726" lon="77.7950007"/>
 <node id="13898344474" visible="true" version="1" changeset="183432893" timestamp="2026-05-31T09:07:19Z" user="Smita Wankhede" uid="20977783" lat="13.0702807" lon="77.7948836"/>
 <node id="13898344475" visible="true" version="1" changeset="183432893" timestamp="2026-05-31T09:07:19Z" user="Smita Wankhede" uid="20977783" lat="13.0702519" lon="77.7949104"/>
 <node id="13898344476" visible="true" version="1" changeset="183432893" timestamp="2026-05-31T09:07:19Z" user="Smita Wankhede" uid="20977783" lat="13.0702461" lon="77.7950252"/>
 <node id="13898344477" visible="true" version="1" changeset="183432893" timestamp="2026-05-31T09:07:19Z" user="Smita Wankhede" uid="20977783" lat="13.0701378" lon="77.7950264"/>
 <node id="13898344478" visible="true" version="1" changeset="183432893" timestamp="2026-05-31T09:07:19Z" user="Smita Wankhede" uid="20977783" lat="13.0701459" lon="77.7949093"/>
 <node id="13898344479" visible="true" version="1" changeset="183432893" timestamp="2026-05-31T09:07:19Z" user="Smita Wankhede" uid="20977783" lat="13.0700872" lon="77.7949136"/>
 <node id="13898344480" visible="true" version="1" changeset="183432893" timestamp="2026-05-31T09:07:19Z" user="Smita Wankhede" uid="20977783" lat="13.0700814" lon="77.7950284"/>
 <node id="13898344481" visible="true" version="1" changeset="183432893" timestamp="2026-05-31T09:07:19Z" user="Smita Wankhede" uid="20977783" lat="13.0699731" lon="77.7950296"/>
 <node id="13898344482" visible="true" version="1" changeset="183432893" timestamp="2026-05-31T09:07:19Z" user="Smita Wankhede" uid="20977783" lat="13.0699812" lon="77.7949125"/>
 <node id="13898344483" visible="true" version="1" changeset="183432893" timestamp="2026-05-31T09:07:19Z" user="Smita Wankhede" uid="20977783" lat="13.0701829" lon="77.7950633"/>
 <node id="13898344484" visible="true" version="1" changeset="183432893" timestamp="2026-05-31T09:07:19Z" user="Smita Wankhede" uid="20977783" lat="13.0701771" lon="77.7951781"/>
 <node id="13898344485" visible="true" version="1" changeset="183432893" timestamp="2026-05-31T09:07:19Z" user="Smita Wankhede" uid="20977783" lat="13.0700688" lon="77.7951793"/>
 <node id="13898344486" visible="true" version="1" changeset="183432893" timestamp="2026-05-31T09:07:19Z" user="Smita Wankhede" uid="20977783" lat="13.0700769" lon="77.7950622"/>
 <node id="13898344487" visible="true" version="1" changeset="183432893" timestamp="2026-05-31T09:07:19Z" user="Smita Wankhede" uid="20977783" lat="13.0704055" lon="77.7950311"/>
 <node id="13898344488" visible="true" version="1" changeset="183432893" timestamp="2026-05-31T09:07:19Z" user="Smita Wankhede" uid="20977783" lat="13.0703997" lon="77.7951459"/>
 <node id="13898344489" visible="true" version="1" changeset="183432893" timestamp="2026-05-31T09:07:19Z" user="Smita Wankhede" uid="20977783" lat="13.0702914" lon="77.7951471"/>
 <node id="13898344490" visible="true" version="1" changeset="183432893" timestamp="2026-05-31T09:07:19Z" user="Smita Wankhede" uid="20977783" lat="13.0702995" lon="77.7950300"/>
 <node id="13898344491" visible="true" version="1" changeset="183432893" timestamp="2026-05-31T09:07:19Z" user="Smita Wankhede" uid="20977783" lat="13.0704133" lon="77.7952886"/>
 <node id="13898344492" visible="true" version="1" changeset="183432893" timestamp="2026-05-31T09:07:19Z" user="Smita Wankhede" uid="20977783" lat="13.0704075" lon="77.7954034"/>
 <node id="13898344493" visible="true" version="1" changeset="183432893" timestamp="2026-05-31T09:07:19Z" user="Smita Wankhede" uid="20977783" lat="13.0702992" lon="77.7954046"/>
 <node id="13898344494" visible="true" version="1" changeset="183432893" timestamp="2026-05-31T09:07:19Z" user="Smita Wankhede" uid="20977783" lat="13.0703073" lon="77.7952875"/>
 <node id="13898344495" visible="true" version="2" changeset="184842485" timestamp="2026-06-30T08:55:57Z" user="GoofyPixel" uid="23804275" lat="13.0702019" lon="77.7953462"/>
 <node id="13898344496" visible="true" version="2" changeset="184842485" timestamp="2026-06-30T08:55:57Z" user="GoofyPixel" uid="23804275" lat="13.0702036" lon="77.7954298"/>
 <node id="13898344497" visible="true" version="2" changeset="184842485" timestamp="2026-06-30T08:55:57Z" user="GoofyPixel" uid="23804275" lat="13.0701033" lon="77.7954319"/>
 <node id="13898344498" visible="true" version="2" changeset="184842485" timestamp="2026-06-30T08:55:57Z" user="GoofyPixel" uid="23804275" lat="13.0701016" lon="77.7953484"/>
 <node id="13898344499" visible="true" version="1" changeset="183432893" timestamp="2026-05-31T09:07:19Z" user="Smita Wankhede" uid="20977783" lat="13.0700935" lon="77.7952098"/>
 <node id="13898344500" visible="true" version="1" changeset="183432893" timestamp="2026-05-31T09:07:19Z" user="Smita Wankhede" uid="20977783" lat="13.0700877" lon="77.7953246"/>
 <node id="13898344501" visible="true" version="1" changeset="183432893" timestamp="2026-05-31T09:07:19Z" user="Smita Wankhede" uid="20977783" lat="13.0699794" lon="77.7953258"/>
 <node id="13898344502" visible="true" version="1" changeset="183432893" timestamp="2026-05-31T09:07:19Z" user="Smita Wankhede" uid="20977783" lat="13.0699875" lon="77.7952087"/>
 <node id="13898344503" visible="true" version="1" changeset="183432893" timestamp="2026-05-31T09:07:19Z" user="Smita Wankhede" uid="20977783" lat="13.0700872" lon="77.7953997"/>
 <node id="13898344504" visible="true" version="1" changeset="183432893" timestamp="2026-05-31T09:07:19Z" user="Smita Wankhede" uid="20977783" lat="13.0700814" lon="77.7955145"/>
 <node id="13898344505" visible="true" version="1" changeset="183432893" timestamp="2026-05-31T09:07:19Z" user="Smita Wankhede" uid="20977783" lat="13.0699731" lon="77.7955157"/>
 <node id="13898344506" visible="true" version="1" changeset="183432893" timestamp="2026-05-31T09:07:19Z" user="Smita Wankhede" uid="20977783" lat="13.0699812" lon="77.7953986"/>
 <node id="13898344511" visible="true" version="2" changeset="184842485" timestamp="2026-06-30T08:55:57Z" user="GoofyPixel" uid="23804275" lat="13.0703091" lon="77.7954326"/>
 <node id="13898344512" visible="true" version="2" changeset="184842485" timestamp="2026-06-30T08:55:57Z" user="GoofyPixel" uid="23804275" lat="13.0703100" lon="77.7955137"/>
 <node id="13898344513" visible="true" version="2" changeset="184842485" timestamp="2026-06-30T08:55:57Z" user="GoofyPixel" uid="23804275" lat="13.0702055" lon="77.7955149"/>
 <node id="13898344514" visible="true" version="2" changeset="184842485" timestamp="2026-06-30T08:55:57Z" user="GoofyPixel" uid="23804275" lat="13.0702046" lon="77.7954338"/>
 <node id="13898344515" visible="true" version="2" changeset="184842485" timestamp="2026-06-30T08:55:57Z" user="GoofyPixel" uid="23804275" lat="13.0704120" lon="77.7954160"/>
 <node id="13898344516" visible="true" version="2" changeset="184842485" timestamp="2026-06-30T08:55:57Z" user="GoofyPixel" uid="23804275" lat="13.0704135" lon="77.7955255"/>
 <node id="13898344517" visible="true" version="2" changeset="184842485" timestamp="2026-06-30T08:55:57Z" user="GoofyPixel" uid="23804275" lat="13.0703197" lon="77.7955268"/>
 <node id="13898344518" visible="true" version="2" changeset="184842485" timestamp="2026-06-30T08:55:57Z" user="GoofyPixel" uid="23804275" lat="13.0703182" lon="77.7954173"/>
 <node id="13898344711" visible="true" version="1" changeset="183432893" timestamp="2026-05-31T09:07:19Z" user="Smita Wankhede" uid="20977783" lat="13.0695464" lon="77.7954641"/>
 <node id="13898344712" visible="true" version="1" changeset="183432893" timestamp="2026-05-31T09:07:19Z" user="Smita Wankhede" uid="20977783" lat="13.0695406" lon="77.7955789"/>
 <node id="13898344713" visible="true" version="1" changeset="183432893" timestamp="2026-05-31T09:07:19Z" user="Smita Wankhede" uid="20977783" lat="13.0694323" lon="77.7955801"/>
 <node id="13898344714" visible="true" version="1" changeset="183432893" timestamp="2026-05-31T09:07:19Z" user="Smita Wankhede" uid="20977783" lat="13.0694404" lon="77.7954630"/>
 <node id="13898344715" visible="true" version="1" changeset="183432893" timestamp="2026-05-31T09:07:19Z" user="Smita Wankhede" uid="20977783" lat="13.0695307" lon="77.7953273"/>
 <node id="13898344716" visible="true" version="1" changeset="183432893" timestamp="2026-05-31T09:07:19Z" user="Smita Wankhede" uid="20977783" lat="13.0695249" lon="77.7954421"/>
 <node id="13898344717" visible="true" version="1" changeset="183432893" timestamp="2026-05-31T09:07:19Z" user="Smita Wankhede" uid="20977783" lat="13.0694166" lon="77.7954433"/>
 <node id="13898344718" visible="true" version="1" changeset="183432893" timestamp="2026-05-31T09:07:19Z" user="Smita Wankhede" uid="20977783" lat="13.0694247" lon="77.7953262"/>
 <node id="13898344719" visible="true" version="1" changeset="183432893" timestamp="2026-05-31T09:07:19Z" user="Smita Wankhede" uid="20977783" lat="13.0695824" lon="77.7951792"/>
 <node id="13898344720" visible="true" version="1" changeset="183432893" timestamp="2026-05-31T09:07:19Z" user="Smita Wankhede" uid="20977783" lat="13.0695766" lon="77.7952940"/>
 <node id="13898344721" visible="true" version="1" changeset="183432893" timestamp="2026-05-31T09:07:19Z" user="Smita Wankhede" uid="20977783" lat="13.0694683" lon="77.7952952"/>
 <node id="13898344722" visible="true" version="1" changeset="183432893" timestamp="2026-05-31T09:07:19Z" user="Smita Wankhede" uid="20977783" lat="13.0694764" lon="77.7951781"/>
 <node id="13898344723" visible="true" version="1" changeset="183432893" timestamp="2026-05-31T09:07:19Z" user="Smita Wankhede" uid="20977783" lat="13.0696530" lon="77.7950504"/>
 <node id="13898344724" visible="true" version="1" changeset="183432893" timestamp="2026-05-31T09:07:19Z" user="Smita Wankhede" uid="20977783" lat="13.0696472" lon="77.7951652"/>
 <node id="13898344725" visible="true" version="1" changeset="183432893" timestamp="2026-05-31T09:07:19Z" user="Smita Wankhede" uid="20977783" lat="13.0695389" lon="77.7951664"/>
 <node id="13898344726" visible="true" version="1" changeset="183432893" timestamp="2026-05-31T09:07:19Z" user="Smita Wankhede" uid="20977783" lat="13.0695470" lon="77.7950493"/>
 <node id="13898344727" visible="true" version="1" changeset="183432893" timestamp="2026-05-31T09:07:19Z" user="Smita Wankhede" uid="20977783" lat="13.0696436" lon="77.7949185"/>
 <node id="13898344728" visible="true" version="1" changeset="183432893" timestamp="2026-05-31T09:07:19Z" user="Smita Wankhede" uid="20977783" lat="13.0696378" lon="77.7950333"/>
 <node id="13898344729" visible="true" version="1" changeset="183432893" timestamp="2026-05-31T09:07:19Z" user="Smita Wankhede" uid="20977783" lat="13.0695295" lon="77.7950345"/>
 <node id="13898344730" visible="true" version="1" changeset="183432893" timestamp="2026-05-31T09:07:19Z" user="Smita Wankhede" uid="20977783" lat="13.0695376" lon="77.7949174"/>
 <node id="13898344731" visible="true" version="1" changeset="183432893" timestamp="2026-05-31T09:07:19Z" user="Smita Wankhede" uid="20977783" lat="13.0695197" lon="77.7950456"/>
 <node id="13898344732" visible="true" version="1" changeset="183432893" timestamp="2026-05-31T09:07:19Z" user="Smita Wankhede" uid="20977783" lat="13.0695139" lon="77.7951604"/>
 <node id="13898344733" visible="true" version="1" changeset="183432893" timestamp="2026-05-31T09:07:19Z" user="Smita Wankhede" uid="20977783" lat="13.0694056" lon="77.7951616"/>
 <node id="13898344734" visible="true" version="1" changeset="183432893" timestamp="2026-05-31T09:07:19Z" user="Smita Wankhede" uid="20977783" lat="13.0694137" lon="77.7950445"/>
 <node id="13898344735" visible="true" version="1" changeset="183432893" timestamp="2026-05-31T09:07:19Z" user="Smita Wankhede" uid="20977783" lat="13.0695307" lon="77.7949136"/>
 <node id="13898344736" visible="true" version="1" changeset="183432893" timestamp="2026-05-31T09:07:19Z" user="Smita Wankhede" uid="20977783" lat="13.0695249" lon="77.7950284"/>
 <node id="13898344737" visible="true" version="1" changeset="183432893" timestamp="2026-05-31T09:07:19Z" user="Smita Wankhede" uid="20977783" lat="13.0694166" lon="77.7950296"/>
 <node id="13898344738" visible="true" version="1" changeset="183432893" timestamp="2026-05-31T09:07:19Z" user="Smita Wankhede" uid="20977783" lat="13.0694247" lon="77.7949125"/>
 <node id="13898344739" visible="true" version="1" changeset="183432893" timestamp="2026-05-31T09:07:19Z" user="Smita Wankhede" uid="20977783" lat="13.0695307" lon="77.7947768"/>
 <node id="13898344740" visible="true" version="1" changeset="183432893" timestamp="2026-05-31T09:07:19Z" user="Smita Wankhede" uid="20977783" lat="13.0695249" lon="77.7948916"/>
 <node id="13898344741" visible="true" version="1" changeset="183432893" timestamp="2026-05-31T09:07:19Z" user="Smita Wankhede" uid="20977783" lat="13.0694166" lon="77.7948928"/>
 <node id="13898344742" visible="true" version="1" changeset="183432893" timestamp="2026-05-31T09:07:19Z" user="Smita Wankhede" uid="20977783" lat="13.0694247" lon="77.7947757"/>
 <node id="13898344743" visible="true" version="1" changeset="183432893" timestamp="2026-05-31T09:07:19Z" user="Smita Wankhede" uid="20977783" lat="13.0695276" lon="77.7946304"/>
 <node id="13898344744" visible="true" version="1" changeset="183432893" timestamp="2026-05-31T09:07:19Z" user="Smita Wankhede" uid="20977783" lat="13.0695218" lon="77.7947452"/>
 <node id="13898344745" visible="true" version="1" changeset="183432893" timestamp="2026-05-31T09:07:19Z" user="Smita Wankhede" uid="20977783" lat="13.0694135" lon="77.7947464"/>
 <node id="13898344746" visible="true" version="1" changeset="183432893" timestamp="2026-05-31T09:07:19Z" user="Smita Wankhede" uid="20977783" lat="13.0694216" lon="77.7946293"/>
 <node id="13898344747" visible="true" version="1" changeset="183432893" timestamp="2026-05-31T09:07:19Z" user="Smita Wankhede" uid="20977783" lat="13.0695370" lon="77.7945065"/>
 <node id="13898344748" visible="true" version="1" changeset="183432893" timestamp="2026-05-31T09:07:19Z" user="Smita Wankhede" uid="20977783" lat="13.0695312" lon="77.7946213"/>
 <node id="13898344749" visible="true" version="1" changeset="183432893" timestamp="2026-05-31T09:07:19Z" user="Smita Wankhede" uid="20977783" lat="13.0694229" lon="77.7946225"/>
 <node id="13898344750" visible="true" version="1" changeset="183432893" timestamp="2026-05-31T09:07:19Z" user="Smita Wankhede" uid="20977783" lat="13.0694310" lon="77.7945054"/>
 <node id="13898344751" visible="true" version="1" changeset="183432893" timestamp="2026-05-31T09:07:19Z" user="Smita Wankhede" uid="20977783" lat="13.0696593" lon="77.7944582"/>
 <node id="13898344752" visible="true" version="1" changeset="183432893" timestamp="2026-05-31T09:07:19Z" user="Smita Wankhede" uid="20977783" lat="13.0696535" lon="77.7945730"/>
 <node id="13898344753" visible="true" version="1" changeset="183432893" timestamp="2026-05-31T09:07:19Z" user="Smita Wankhede" uid="20977783" lat="13.0695452" lon="77.7945742"/>
 <node id="13898344754" visible="true" version="1" changeset="183432893" timestamp="2026-05-31T09:07:19Z" user="Smita Wankhede" uid="20977783" lat="13.0695533" lon="77.7944571"/>
 <node id="13898344755" visible="true" version="1" changeset="183432893" timestamp="2026-05-31T09:07:19Z" user="Smita Wankhede" uid="20977783" lat="13.0696452" lon="77.7946127"/>
 <node id="13898344756" visible="true" version="1" changeset="183432893" timestamp="2026-05-31T09:07:19Z" user="Smita Wankhede" uid="20977783" lat="13.0696394" lon="77.7947275"/>
 <node id="13898344757" visible="true" version="1" changeset="183432893" timestamp="2026-05-31T09:07:19Z" user="Smita Wankhede" uid="20977783" lat="13.0695311" lon="77.7947287"/>
 <node id="13898344758" visible="true" version="1" changeset="183432893" timestamp="2026-05-31T09:07:19Z" user="Smita Wankhede" uid="20977783" lat="13.0695392" lon="77.7946116"/>
 <node id="13898344759" visible="true" version="1" changeset="183432893" timestamp="2026-05-31T09:07:19Z" user="Smita Wankhede" uid="20977783" lat="13.0695385" lon="77.7942570"/>
 <node id="13898344760" visible="true" version="1" changeset="183432893" timestamp="2026-05-31T09:07:19Z" user="Smita Wankhede" uid="20977783" lat="13.0695327" lon="77.7943718"/>
 <node id="13898344761" visible="true" version="1" changeset="183432893" timestamp="2026-05-31T09:07:19Z" user="Smita Wankhede" uid="20977783" lat="13.0694244" lon="77.7943730"/>
 <node id="13898344762" visible="true" version="1" changeset="183432893" timestamp="2026-05-31T09:07:19Z" user="Smita Wankhede" uid="20977783" lat="13.0694325" lon="77.7942559"/>
 <node id="13898344763" visible="true" version="1" changeset="183432893" timestamp="2026-05-31T09:07:19Z" user="Smita Wankhede" uid="20977783" lat="13.0696577" lon="77.7942554"/>
 <node id="13898344764" visible="true" version="1" changeset="183432893" timestamp="2026-05-31T09:07:19Z" user="Smita Wankhede" uid="20977783" lat="13.0696519" lon="77.7943702"/>
 <node id="13898344765" visible="true" version="1" changeset="183432893" timestamp="2026-05-31T09:07:19Z" user="Smita Wankhede" uid="20977783" lat="13.0695436" lon="77.7943714"/>
 <node id="13898344766" visible="true" version="1" changeset="183432893" timestamp="2026-05-31T09:07:19Z" user="Smita Wankhede" uid="20977783" lat="13.0695517" lon="77.7942543"/>
 <node id="13898344767" visible="true" version="1" changeset="183432893" timestamp="2026-05-31T09:07:19Z" user="Smita Wankhede" uid="20977783" lat="13.0696593" lon="77.7940574"/>
 <node id="13898344768" visible="true" version="1" changeset="183432893" timestamp="2026-05-31T09:07:19Z" user="Smita Wankhede" uid="20977783" lat="13.0696535" lon="77.7941722"/>
 <node id="13898344769" visible="true" version="1" changeset="183432893" timestamp="2026-05-31T09:07:19Z" user="Smita Wankhede" uid="20977783" lat="13.0695452" lon="77.7941734"/>
 <node id="13898344770" visible="true" version="1" changeset="183432893" timestamp="2026-05-31T09:07:19Z" user="Smita Wankhede" uid="20977783" lat="13.0695533" lon="77.7940563"/>
 <node id="13898344771" visible="true" version="1" changeset="183432893" timestamp="2026-05-31T09:07:19Z" user="Smita Wankhede" uid="20977783" lat="13.0695244" lon="77.7941025"/>
 <node id="13898344772" visible="true" version="1" changeset="183432893" timestamp="2026-05-31T09:07:19Z" user="Smita Wankhede" uid="20977783" lat="13.0695186" lon="77.7942173"/>
 <node id="13898344773" visible="true" version="1" changeset="183432893" timestamp="2026-05-31T09:07:19Z" user="Smita Wankhede" uid="20977783" lat="13.0694103" lon="77.7942185"/>
 <node id="13898344774" visible="true" version="1" changeset="183432893" timestamp="2026-05-31T09:07:19Z" user="Smita Wankhede" uid="20977783" lat="13.0694184" lon="77.7941014"/>
 <node id="13898344775" visible="true" version="1" changeset="183432893" timestamp="2026-05-31T09:07:19Z" user="Smita Wankhede" uid="20977783" lat="13.0695197" lon="77.7939786"/>
 <node id="13898344776" visible="true" version="1" changeset="183432893" timestamp="2026-05-31T09:07:19Z" user="Smita Wankhede" uid="20977783" lat="13.0695139" lon="77.7940934"/>
 <node id="13898344777" visible="true" version="1" changeset="183432893" timestamp="2026-05-31T09:07:19Z" user="Smita Wankhede" uid="20977783" lat="13.0694056" lon="77.7940946"/>
 <node id="13898344778" visible="true" version="1" changeset="183432893" timestamp="2026-05-31T09:07:19Z" user="Smita Wankhede" uid="20977783" lat="13.0694137" lon="77.7939775"/>
 <node id="13898344779" visible="true" version="1" changeset="183432893" timestamp="2026-05-31T09:07:19Z" user="Smita Wankhede" uid="20977783" lat="13.0696546" lon="77.7939303"/>
 <node id="13898344780" visible="true" version="1" changeset="183432893" timestamp="2026-05-31T09:07:19Z" user="Smita Wankhede" uid="20977783" lat="13.0696488" lon="77.7940451"/>
 <node id="13898344781" visible="true" version="1" changeset="183432893" timestamp="2026-05-31T09:07:19Z" user="Smita Wankhede" uid="20977783" lat="13.0695405" lon="77.7940463"/>
 <node id="13898344782" visible="true" version="1" changeset="183432893" timestamp="2026-05-31T09:07:19Z" user="Smita Wankhede" uid="20977783" lat="13.0695486" lon="77.7939292"/>
 <node id="13898344783" visible="true" version="1" changeset="183432893" timestamp="2026-05-31T09:07:19Z" user="Smita Wankhede" uid="20977783" lat="13.0695385" lon="77.7938353"/>
 <node id="13898344784" visible="true" version="1" changeset="183432893" timestamp="2026-05-31T09:07:19Z" user="Smita Wankhede" uid="20977783" lat="13.0695327" lon="77.7939501"/>
 <node id="13898344785" visible="true" version="1" changeset="183432893" timestamp="2026-05-31T09:07:19Z" user="Smita Wankhede" uid="20977783" lat="13.0694244" lon="77.7939513"/>
 <node id="13898344786" visible="true" version="1" changeset="183432893" timestamp="2026-05-31T09:07:19Z" user="Smita Wankhede" uid="20977783" lat="13.0694325" lon="77.7938342"/>
 <node id="13898344787" visible="true" version="1" changeset="183432893" timestamp="2026-05-31T09:07:19Z" user="Smita Wankhede" uid="20977783" lat="13.0695182" lon="77.7936985"/>
 <node id="13898344788" visible="true" version="1" changeset="183432893" timestamp="2026-05-31T09:07:19Z" user="Smita Wankhede" uid="20977783" lat="13.0695124" lon="77.7938133"/>
 <node id="13898344789" visible="true" version="1" changeset="183432893" timestamp="2026-05-31T09:07:19Z" user="Smita Wankhede" uid="20977783" lat="13.0694041" lon="77.7938145"/>
 <node id="13898344790" visible="true" version="1" changeset="183432893" timestamp="2026-05-31T09:07:19Z" user="Smita Wankhede" uid="20977783" lat="13.0694122" lon="77.7936974"/>
 <node id="13898344791" visible="true" version="1" changeset="183432893" timestamp="2026-05-31T09:07:19Z" user="Smita Wankhede" uid="20977783" lat="13.0696420" lon="77.7935955"/>
 <node id="13898344792" visible="true" version="1" changeset="183432893" timestamp="2026-05-31T09:07:19Z" user="Smita Wankhede" uid="20977783" lat="13.0696362" lon="77.7937103"/>
 <node id="13898344793" visible="true" version="1" changeset="183432893" timestamp="2026-05-31T09:07:19Z" user="Smita Wankhede" uid="20977783" lat="13.0695279" lon="77.7937115"/>
 <node id="13898344794" visible="true" version="1" changeset="183432893" timestamp="2026-05-31T09:07:19Z" user="Smita Wankhede" uid="20977783" lat="13.0695360" lon="77.7935944"/>
 <node id="13898344795" visible="true" version="1" changeset="183432893" timestamp="2026-05-31T09:07:19Z" user="Smita Wankhede" uid="20977783" lat="13.0696514" lon="77.7937436"/>
 <node id="13898344796" visible="true" version="1" changeset="183432893" timestamp="2026-05-31T09:07:19Z" user="Smita Wankhede" uid="20977783" lat="13.0696456" lon="77.7938584"/>
 <node id="13898344797" visible="true" version="1" changeset="183432893" timestamp="2026-05-31T09:07:19Z" user="Smita Wankhede" uid="20977783" lat="13.0695373" lon="77.7938596"/>
 <node id="13898344798" visible="true" version="1" changeset="183432893" timestamp="2026-05-31T09:07:19Z" user="Smita Wankhede" uid="20977783" lat="13.0695454" lon="77.7937425"/>
 <node id="13898344799" visible="true" version="1" changeset="183432893" timestamp="2026-05-31T09:07:19Z" user="Smita Wankhede" uid="20977783" lat="13.0693598" lon="77.7936100"/>
 <node id="13898344800" visible="true" version="1" changeset="183432893" timestamp="2026-05-31T09:07:19Z" user="Smita Wankhede" uid="20977783" lat="13.0693540" lon="77.7937248"/>
 <node id="13898344801" visible="true" version="1" changeset="183432893" timestamp="2026-05-31T09:07:19Z" user="Smita Wankhede" uid="20977783" lat="13.0692457" lon="77.7937260"/>
 <node id="13898344802" visible="true" version="1" changeset="183432893" timestamp="2026-05-31T09:07:19Z" user="Smita Wankhede" uid="20977783" lat="13.0692538" lon="77.7936089"/>
 <node id="13898344803" visible="true" version="1" changeset="183432893" timestamp="2026-05-31T09:07:19Z" user="Smita Wankhede" uid="20977783" lat="13.0693661" lon="77.7937516"/>
 <node id="13898344804" visible="true" version="1" changeset="183432893" timestamp="2026-05-31T09:07:19Z" user="Smita Wankhede" uid="20977783" lat="13.0693603" lon="77.7938664"/>
 <node id="13898344805" visible="true" version="1" changeset="183432893" timestamp="2026-05-31T09:07:19Z" user="Smita Wankhede" uid="20977783" lat="13.0692520" lon="77.7938676"/>
 <node id="13898344806" visible="true" version="1" changeset="183432893" timestamp="2026-05-31T09:07:19Z" user="Smita Wankhede" uid="20977783" lat="13.0692601" lon="77.7937505"/>
 <node id="13898344807" visible="true" version="1" changeset="183432893" timestamp="2026-05-31T09:07:19Z" user="Smita Wankhede" uid="20977783" lat="13.0693614" lon="77.7938965"/>
 <node id="13898344808" visible="true" version="1" changeset="183432893" timestamp="2026-05-31T09:07:19Z" user="Smita Wankhede" uid="20977783" lat="13.0693556" lon="77.7940113"/>
 <node id="13898344809" visible="true" version="1" changeset="183432893" timestamp="2026-05-31T09:07:19Z" user="Smita Wankhede" uid="20977783" lat="13.0692473" lon="77.7940125"/>
 <node id="13898344810" visible="true" version="1" changeset="183432893" timestamp="2026-05-31T09:07:19Z" user="Smita Wankhede" uid="20977783" lat="13.0692554" lon="77.7938954"/>
 <node id="13898344811" visible="true" version="1" changeset="183432893" timestamp="2026-05-31T09:07:19Z" user="Smita Wankhede" uid="20977783" lat="13.0693614" lon="77.7940333"/>
 <node id="13898344812" visible="true" version="1" changeset="183432893" timestamp="2026-05-31T09:07:19Z" user="Smita Wankhede" uid="20977783" lat="13.0693556" lon="77.7941481"/>
 <node id="13898344813" visible="true" version="1" changeset="183432893" timestamp="2026-05-31T09:07:19Z" user="Smita Wankhede" uid="20977783" lat="13.0692473" lon="77.7941493"/>
 <node id="13898344814" visible="true" version="1" changeset="183432893" timestamp="2026-05-31T09:07:19Z" user="Smita Wankhede" uid="20977783" lat="13.0692554" lon="77.7940322"/>
 <node id="13898344815" visible="true" version="1" changeset="183432893" timestamp="2026-05-31T09:07:19Z" user="Smita Wankhede" uid="20977783" lat="13.0693551" lon="77.7941749"/>
 <node id="13898344816" visible="true" version="1" changeset="183432893" timestamp="2026-05-31T09:07:19Z" user="Smita Wankhede" uid="20977783" lat="13.0693493" lon="77.7942897"/>
 <node id="13898344817" visible="true" version="1" changeset="183432893" timestamp="2026-05-31T09:07:19Z" user="Smita Wankhede" uid="20977783" lat="13.0692410" lon="77.7942909"/>
 <node id="13898344818" visible="true" version="1" changeset="183432893" timestamp="2026-05-31T09:07:19Z" user="Smita Wankhede" uid="20977783" lat="13.0692491" lon="77.7941738"/>
 <node id="13898344819" visible="true" version="1" changeset="183432893" timestamp="2026-05-31T09:07:19Z" user="Smita Wankhede" uid="20977783" lat="13.0693630" lon="77.7943230"/>
 <node id="13898344820" visible="true" version="1" changeset="183432893" timestamp="2026-05-31T09:07:19Z" user="Smita Wankhede" uid="20977783" lat="13.0693572" lon="77.7944378"/>
 <node id="13898344821" visible="true" version="1" changeset="183432893" timestamp="2026-05-31T09:07:19Z" user="Smita Wankhede" uid="20977783" lat="13.0692489" lon="77.7944390"/>
 <node id="13898344822" visible="true" version="1" changeset="183432893" timestamp="2026-05-31T09:07:19Z" user="Smita Wankhede" uid="20977783" lat="13.0692570" lon="77.7943219"/>
 <node id="13898344823" visible="true" version="1" changeset="183432893" timestamp="2026-05-31T09:07:19Z" user="Smita Wankhede" uid="20977783" lat="13.0693504" lon="77.7944694"/>
 <node id="13898344824" visible="true" version="1" changeset="183432893" timestamp="2026-05-31T09:07:19Z" user="Smita Wankhede" uid="20977783" lat="13.0693446" lon="77.7945842"/>
 <node id="13898344825" visible="true" version="1" changeset="183432893" timestamp="2026-05-31T09:07:19Z" user="Smita Wankhede" uid="20977783" lat="13.0692363" lon="77.7945854"/>
 <node id="13898344826" visible="true" version="1" changeset="183432893" timestamp="2026-05-31T09:07:19Z" user="Smita Wankhede" uid="20977783" lat="13.0692444" lon="77.7944683"/>
 <node id="13898344827" visible="true" version="1" changeset="183432893" timestamp="2026-05-31T09:07:19Z" user="Smita Wankhede" uid="20977783" lat="13.0693724" lon="77.7946143"/>
 <node id="13898344828" visible="true" version="1" changeset="183432893" timestamp="2026-05-31T09:07:19Z" user="Smita Wankhede" uid="20977783" lat="13.0693666" lon="77.7947291"/>
 <node id="13898344829" visible="true" version="1" changeset="183432893" timestamp="2026-05-31T09:07:19Z" user="Smita Wankhede" uid="20977783" lat="13.0692583" lon="77.7947303"/>
 <node id="13898344830" visible="true" version="1" changeset="183432893" timestamp="2026-05-31T09:07:19Z" user="Smita Wankhede" uid="20977783" lat="13.0692664" lon="77.7946132"/>
 <node id="13898344831" visible="true" version="1" changeset="183432893" timestamp="2026-05-31T09:07:19Z" user="Smita Wankhede" uid="20977783" lat="13.0693473" lon="77.7947624"/>
 <node id="13898344832" visible="true" version="1" changeset="183432893" timestamp="2026-05-31T09:07:19Z" user="Smita Wankhede" uid="20977783" lat="13.0693415" lon="77.7948772"/>
 <node id="13898344833" visible="true" version="1" changeset="183432893" timestamp="2026-05-31T09:07:19Z" user="Smita Wankhede" uid="20977783" lat="13.0692332" lon="77.7948784"/>
 <node id="13898344834" visible="true" version="1" changeset="183432893" timestamp="2026-05-31T09:07:19Z" user="Smita Wankhede" uid="20977783" lat="13.0692413" lon="77.7947613"/>
 <node id="13898344835" visible="true" version="1" changeset="183432893" timestamp="2026-05-31T09:07:19Z" user="Smita Wankhede" uid="20977783" lat="13.0693724" lon="77.7948927"/>
 <node id="13898344836" visible="true" version="1" changeset="183432893" timestamp="2026-05-31T09:07:19Z" user="Smita Wankhede" uid="20977783" lat="13.0693666" lon="77.7950075"/>
 <node id="13898344837" visible="true" version="1" changeset="183432893" timestamp="2026-05-31T09:07:19Z" user="Smita Wankhede" uid="20977783" lat="13.0692583" lon="77.7950087"/>
 <node id="13898344838" visible="true" version="1" changeset="183432893" timestamp="2026-05-31T09:07:19Z" user="Smita Wankhede" uid="20977783" lat="13.0692664" lon="77.7948916"/>
 <node id="13898344839" visible="true" version="1" changeset="183432893" timestamp="2026-05-31T09:07:19Z" user="Smita Wankhede" uid="20977783" lat="13.0693630" lon="77.7950247"/>
 <node id="13898344840" visible="true" version="1" changeset="183432893" timestamp="2026-05-31T09:07:19Z" user="Smita Wankhede" uid="20977783" lat="13.0693572" lon="77.7951395"/>
 <node id="13898344841" visible="true" version="1" changeset="183432893" timestamp="2026-05-31T09:07:19Z" user="Smita Wankhede" uid="20977783" lat="13.0692489" lon="77.7951407"/>
 <node id="13898344842" visible="true" version="1" changeset="183432893" timestamp="2026-05-31T09:07:19Z" user="Smita Wankhede" uid="20977783" lat="13.0692570" lon="77.7950236"/>
 <node id="13898344843" visible="true" version="1" changeset="183432893" timestamp="2026-05-31T09:07:19Z" user="Smita Wankhede" uid="20977783" lat="13.0693802" lon="77.7951583"/>
 <node id="13898344844" visible="true" version="1" changeset="183432893" timestamp="2026-05-31T09:07:19Z" user="Smita Wankhede" uid="20977783" lat="13.0693744" lon="77.7952731"/>
 <node id="13898344845" visible="true" version="1" changeset="183432893" timestamp="2026-05-31T09:07:19Z" user="Smita Wankhede" uid="20977783" lat="13.0692661" lon="77.7952743"/>
 <node id="13898344846" visible="true" version="1" changeset="183432893" timestamp="2026-05-31T09:07:19Z" user="Smita Wankhede" uid="20977783" lat="13.0692742" lon="77.7951572"/>
 <node id="13898344847" visible="true" version="1" changeset="183432893" timestamp="2026-05-31T09:07:19Z" user="Smita Wankhede" uid="20977783" lat="13.0693457" lon="77.7953063"/>
 <node id="13898344848" visible="true" version="1" changeset="183432893" timestamp="2026-05-31T09:07:19Z" user="Smita Wankhede" uid="20977783" lat="13.0693399" lon="77.7954211"/>
 <node id="13898344849" visible="true" version="1" changeset="183432893" timestamp="2026-05-31T09:07:19Z" user="Smita Wankhede" uid="20977783" lat="13.0692316" lon="77.7954223"/>
 <node id="13898344850" visible="true" version="1" changeset="183432893" timestamp="2026-05-31T09:07:19Z" user="Smita Wankhede" uid="20977783" lat="13.0692397" lon="77.7953052"/>
 <node id="13898344851" visible="true" version="1" changeset="183432893" timestamp="2026-05-31T09:07:19Z" user="Smita Wankhede" uid="20977783" lat="13.0693567" lon="77.7954689"/>
 <node id="13898344852" visible="true" version="1" changeset="183432893" timestamp="2026-05-31T09:07:19Z" user="Smita Wankhede" uid="20977783" lat="13.0693509" lon="77.7955837"/>
 <node id="13898344853" visible="true" version="1" changeset="183432893" timestamp="2026-05-31T09:07:19Z" user="Smita Wankhede" uid="20977783" lat="13.0692426" lon="77.7955849"/>
 <node id="13898344854" visible="true" version="1" changeset="183432893" timestamp="2026-05-31T09:07:19Z" user="Smita Wankhede" uid="20977783" lat="13.0692507" lon="77.7954678"/>
 <node id="13898344863" visible="true" version="1" changeset="183432893" timestamp="2026-05-31T09:07:19Z" user="Smita Wankhede" uid="20977783" lat="13.0691184" lon="77.7936551"/>
 <node id="13898344864" visible="true" version="1" changeset="183432893" timestamp="2026-05-31T09:07:19Z" user="Smita Wankhede" uid="20977783" lat="13.0691126" lon="77.7937699"/>
 <node id="13898344865" visible="true" version="1" changeset="183432893" timestamp="2026-05-31T09:07:19Z" user="Smita Wankhede" uid="20977783" lat="13.0690043" lon="77.7937711"/>
 <node id="13898344866" visible="true" version="1" changeset="183432893" timestamp="2026-05-31T09:07:19Z" user="Smita Wankhede" uid="20977783" lat="13.0690124" lon="77.7936540"/>
 <node id="13898344867" visible="true" version="1" changeset="183432893" timestamp="2026-05-31T09:07:19Z" user="Smita Wankhede" uid="20977783" lat="13.0689977" lon="77.7936470"/>
 <node id="13898344868" visible="true" version="1" changeset="183432893" timestamp="2026-05-31T09:07:19Z" user="Smita Wankhede" uid="20977783" lat="13.0689919" lon="77.7937618"/>
 <node id="13898344869" visible="true" version="1" changeset="183432893" timestamp="2026-05-31T09:07:19Z" user="Smita Wankhede" uid="20977783" lat="13.0688836" lon="77.7937630"/>
 <node id="13898344870" visible="true" version="1" changeset="183432893" timestamp="2026-05-31T09:07:19Z" user="Smita Wankhede" uid="20977783" lat="13.0688917" lon="77.7936459"/>
 <node id="13898344871" visible="true" version="1" changeset="183432893" timestamp="2026-05-31T09:07:19Z" user="Smita Wankhede" uid="20977783" lat="13.0688691" lon="77.7936486"/>
 <node id="13898344872" visible="true" version="1" changeset="183432893" timestamp="2026-05-31T09:07:19Z" user="Smita Wankhede" uid="20977783" lat="13.0688633" lon="77.7937634"/>
 <node id="13898344873" visible="true" version="1" changeset="183432893" timestamp="2026-05-31T09:07:19Z" user="Smita Wankhede" uid="20977783" lat="13.0687550" lon="77.7937646"/>
 <node id="13898344874" visible="true" version="1" changeset="183432893" timestamp="2026-05-31T09:07:19Z" user="Smita Wankhede" uid="20977783" lat="13.0687631" lon="77.7936475"/>
 <node id="13898344879" visible="true" version="1" changeset="183432893" timestamp="2026-05-31T09:07:19Z" user="Smita Wankhede" uid="20977783" lat="13.0688519" lon="77.7937838"/>
 <node id="13898344880" visible="true" version="1" changeset="183432893" timestamp="2026-05-31T09:07:19Z" user="Smita Wankhede" uid="20977783" lat="13.0688461" lon="77.7938986"/>
 <node id="13898344881" visible="true" version="1" changeset="183432893" timestamp="2026-05-31T09:07:19Z" user="Smita Wankhede" uid="20977783" lat="13.0687378" lon="77.7938998"/>
 <node id="13898344882" visible="true" version="1" changeset="183432893" timestamp="2026-05-31T09:07:19Z" user="Smita Wankhede" uid="20977783" lat="13.0687459" lon="77.7937827"/>
 <node id="13898344883" visible="true" version="1" changeset="183432893" timestamp="2026-05-31T09:07:19Z" user="Smita Wankhede" uid="20977783" lat="13.0689616" lon="77.7937999"/>
 <node id="13898344884" visible="true" version="1" changeset="183432893" timestamp="2026-05-31T09:07:19Z" user="Smita Wankhede" uid="20977783" lat="13.0689558" lon="77.7939147"/>
 <node id="13898344885" visible="true" version="1" changeset="183432893" timestamp="2026-05-31T09:07:19Z" user="Smita Wankhede" uid="20977783" lat="13.0688475" lon="77.7939159"/>
 <node id="13898344886" visible="true" version="1" changeset="183432893" timestamp="2026-05-31T09:07:19Z" user="Smita Wankhede" uid="20977783" lat="13.0688556" lon="77.7937988"/>
 <node id="13898344887" visible="true" version="1" changeset="183432893" timestamp="2026-05-31T09:07:19Z" user="Smita Wankhede" uid="20977783" lat="13.0691043" lon="77.7938048"/>
 <node id="13898344888" visible="true" version="1" changeset="183432893" timestamp="2026-05-31T09:07:19Z" user="Smita Wankhede" uid="20977783" lat="13.0690985" lon="77.7939196"/>
 <node id="13898344889" visible="true" version="1" changeset="183432893" timestamp="2026-05-31T09:07:19Z" user="Smita Wankhede" uid="20977783" lat="13.0689902" lon="77.7939208"/>
 <node id="13898344890" visible="true" version="1" changeset="183432893" timestamp="2026-05-31T09:07:19Z" user="Smita Wankhede" uid="20977783" lat="13.0689983" lon="77.7938037"/>
 <node id="13898344891" visible="true" version="1" changeset="183432893" timestamp="2026-05-31T09:07:19Z" user="Smita Wankhede" uid="20977783" lat="13.0691168" lon="77.7939480"/>
 <node id="13898344892" visible="true" version="1" changeset="183432893" timestamp="2026-05-31T09:07:19Z" user="Smita Wankhede" uid="20977783" lat="13.0691110" lon="77.7940628"/>
 <node id="13898344893" visible="true" version="1" changeset="183432893" timestamp="2026-05-31T09:07:19Z" user="Smita Wankhede" uid="20977783" lat="13.0690027" lon="77.7940640"/>
 <node id="13898344894" visible="true" version="1" changeset="183432893" timestamp="2026-05-31T09:07:19Z" user="Smita Wankhede" uid="20977783" lat="13.0690108" lon="77.7939469"/>
 <node id="13898344895" visible="true" version="1" changeset="183432893" timestamp="2026-05-31T09:07:19Z" user="Smita Wankhede" uid="20977783" lat="13.0689930" lon="77.7939786"/>
 <node id="13898344896" visible="true" version="1" changeset="183432893" timestamp="2026-05-31T09:07:19Z" user="Smita Wankhede" uid="20977783" lat="13.0689872" lon="77.7940934"/>
 <node id="13898344897" visible="true" version="1" changeset="183432893" timestamp="2026-05-31T09:07:19Z" user="Smita Wankhede" uid="20977783" lat="13.0688789" lon="77.7940946"/>
 <node id="13898344898" visible="true" version="1" changeset="183432893" timestamp="2026-05-31T09:07:19Z" user="Smita Wankhede" uid="20977783" lat="13.0688870" lon="77.7939775"/>
 <node id="13898344899" visible="true" version="1" changeset="183432893" timestamp="2026-05-31T09:07:19Z" user="Smita Wankhede" uid="20977783" lat="13.0688660" lon="77.7940252"/>
 <node id="13898344900" visible="true" version="1" changeset="183432893" timestamp="2026-05-31T09:07:19Z" user="Smita Wankhede" uid="20977783" lat="13.0688602" lon="77.7941400"/>
 <node id="13898344901" visible="true" version="1" changeset="183432893" timestamp="2026-05-31T09:07:19Z" user="Smita Wankhede" uid="20977783" lat="13.0687519" lon="77.7941412"/>
 <node id="13898344902" visible="true" version="1" changeset="183432893" timestamp="2026-05-31T09:07:19Z" user="Smita Wankhede" uid="20977783" lat="13.0687600" lon="77.7940241"/>
 <node id="13898344911" visible="true" version="1" changeset="183432893" timestamp="2026-05-31T09:07:19Z" user="Smita Wankhede" uid="20977783" lat="13.0691012" lon="77.7941862"/>
 <node id="13898344912" visible="true" version="1" changeset="183432893" timestamp="2026-05-31T09:07:19Z" user="Smita Wankhede" uid="20977783" lat="13.0690954" lon="77.7943010"/>
 <node id="13898344913" visible="true" version="1" changeset="183432893" timestamp="2026-05-31T09:07:19Z" user="Smita Wankhede" uid="20977783" lat="13.0689871" lon="77.7943022"/>
 <node id="13898344914" visible="true" version="1" changeset="183432893" timestamp="2026-05-31T09:07:19Z" user="Smita Wankhede" uid="20977783" lat="13.0689952" lon="77.7941851"/>
 <node id="13898344915" visible="true" version="1" changeset="183432893" timestamp="2026-05-31T09:07:19Z" user="Smita Wankhede" uid="20977783" lat="13.0691090" lon="77.7943375"/>
 <node id="13898344916" visible="true" version="1" changeset="183432893" timestamp="2026-05-31T09:07:19Z" user="Smita Wankhede" uid="20977783" lat="13.0691032" lon="77.7944523"/>
 <node id="13898344917" visible="true" version="1" changeset="183432893" timestamp="2026-05-31T09:07:19Z" user="Smita Wankhede" uid="20977783" lat="13.0689949" lon="77.7944535"/>
 <node id="13898344918" visible="true" version="1" changeset="183432893" timestamp="2026-05-31T09:07:19Z" user="Smita Wankhede" uid="20977783" lat="13.0690030" lon="77.7943364"/>
 <node id="13898344919" visible="true" version="1" changeset="183432893" timestamp="2026-05-31T09:07:19Z" user="Smita Wankhede" uid="20977783" lat="13.0691309" lon="77.7944871"/>
 <node id="13898344920" visible="true" version="1" changeset="183432893" timestamp="2026-05-31T09:07:19Z" user="Smita Wankhede" uid="20977783" lat="13.0691251" lon="77.7946019"/>
 <node id="13898344921" visible="true" version="1" changeset="183432893" timestamp="2026-05-31T09:07:19Z" user="Smita Wankhede" uid="20977783" lat="13.0690168" lon="77.7946031"/>
 <node id="13898344922" visible="true" version="1" changeset="183432893" timestamp="2026-05-31T09:07:19Z" user="Smita Wankhede" uid="20977783" lat="13.0690249" lon="77.7944860"/>
 <node id="13898344923" visible="true" version="2" changeset="184842745" timestamp="2026-06-30T09:00:29Z" user="GoofyPixel" uid="23804275" lat="13.0689875" lon="77.7946166"/>
 <node id="13898344924" visible="true" version="2" changeset="184842745" timestamp="2026-06-30T09:00:29Z" user="GoofyPixel" uid="23804275" lat="13.0689885" lon="77.7947309"/>
 <node id="13898344925" visible="true" version="2" changeset="184842745" timestamp="2026-06-30T09:00:29Z" user="GoofyPixel" uid="23804275" lat="13.0689072" lon="77.7947317"/>
 <node id="13898344926" visible="true" version="2" changeset="184842745" timestamp="2026-06-30T09:00:29Z" user="GoofyPixel" uid="23804275" lat="13.0689062" lon="77.7946174"/>
 <node id="13898344927" visible="true" version="1" changeset="183432893" timestamp="2026-05-31T09:07:19Z" user="Smita Wankhede" uid="20977783" lat="13.0689773" lon="77.7944244"/>
 <node id="13898344928" visible="true" version="1" changeset="183432893" timestamp="2026-05-31T09:07:19Z" user="Smita Wankhede" uid="20977783" lat="13.0689715" lon="77.7945392"/>
 <node id="13898344929" visible="true" version="1" changeset="183432893" timestamp="2026-05-31T09:07:19Z" user="Smita Wankhede" uid="20977783" lat="13.0688632" lon="77.7945404"/>
 <node id="13898344930" visible="true" version="1" changeset="183432893" timestamp="2026-05-31T09:07:19Z" user="Smita Wankhede" uid="20977783" lat="13.0688713" lon="77.7944233"/>
 <node id="13898344931" visible="true" version="1" changeset="183432893" timestamp="2026-05-31T09:07:19Z" user="Smita Wankhede" uid="20977783" lat="13.0689648" lon="77.7942345"/>
 <node id="13898344932" visible="true" version="1" changeset="183432893" timestamp="2026-05-31T09:07:19Z" user="Smita Wankhede" uid="20977783" lat="13.0689590" lon="77.7943493"/>
 <node id="13898344933" visible="true" version="1" changeset="183432893" timestamp="2026-05-31T09:07:19Z" user="Smita Wankhede" uid="20977783" lat="13.0688507" lon="77.7943505"/>
 <node id="13898344934" visible="true" version="1" changeset="183432893" timestamp="2026-05-31T09:07:19Z" user="Smita Wankhede" uid="20977783" lat="13.0688588" lon="77.7942334"/>
 <node id="13898344935" visible="true" version="1" changeset="183432893" timestamp="2026-05-31T09:07:19Z" user="Smita Wankhede" uid="20977783" lat="13.0688425" lon="77.7942329"/>
 <node id="13898344936" visible="true" version="1" changeset="183432893" timestamp="2026-05-31T09:07:19Z" user="Smita Wankhede" uid="20977783" lat="13.0688367" lon="77.7943477"/>
 <node id="13898344937" visible="true" version="1" changeset="183432893" timestamp="2026-05-31T09:07:19Z" user="Smita Wankhede" uid="20977783" lat="13.0687284" lon="77.7943489"/>
 <node id="13898344938" visible="true" version="1" changeset="183432893" timestamp="2026-05-31T09:07:19Z" user="Smita Wankhede" uid="20977783" lat="13.0687365" lon="77.7942318"/>
 <node id="13898344943" visible="true" version="1" changeset="183432893" timestamp="2026-05-31T09:07:19Z" user="Smita Wankhede" uid="20977783" lat="13.0688487" lon="77.7944871"/>
 <node id="13898344944" visible="true" version="1" changeset="183432893" timestamp="2026-05-31T09:07:19Z" user="Smita Wankhede" uid="20977783" lat="13.0688429" lon="77.7946019"/>
 <node id="13898344945" visible="true" version="1" changeset="183432893" timestamp="2026-05-31T09:07:19Z" user="Smita Wankhede" uid="20977783" lat="13.0687346" lon="77.7946031"/>
 <node id="13898344946" visible="true" version="1" changeset="183432893" timestamp="2026-05-31T09:07:19Z" user="Smita Wankhede" uid="20977783" lat="13.0687427" lon="77.7944860"/>
 <node id="13898344951" visible="true" version="1" changeset="183432893" timestamp="2026-05-31T09:07:19Z" user="Smita Wankhede" uid="20977783" lat="13.0691262" lon="77.7948525"/>
 <node id="13898344952" visible="true" version="1" changeset="183432893" timestamp="2026-05-31T09:07:19Z" user="Smita Wankhede" uid="20977783" lat="13.0691204" lon="77.7949673"/>
 <node id="13898344953" visible="true" version="1" changeset="183432893" timestamp="2026-05-31T09:07:19Z" user="Smita Wankhede" uid="20977783" lat="13.0690121" lon="77.7949685"/>
 <node id="13898344954" visible="true" version="1" changeset="183432893" timestamp="2026-05-31T09:07:19Z" user="Smita Wankhede" uid="20977783" lat="13.0690202" lon="77.7948514"/>
 <node id="13898344955" visible="true" version="1" changeset="183432893" timestamp="2026-05-31T09:07:19Z" user="Smita Wankhede" uid="20977783" lat="13.0690008" lon="77.7948621"/>
 <node id="13898344956" visible="true" version="1" changeset="183432893" timestamp="2026-05-31T09:07:19Z" user="Smita Wankhede" uid="20977783" lat="13.0689950" lon="77.7949769"/>
 <node id="13898344957" visible="true" version="1" changeset="183432893" timestamp="2026-05-31T09:07:19Z" user="Smita Wankhede" uid="20977783" lat="13.0688867" lon="77.7949781"/>
 <node id="13898344958" visible="true" version="1" changeset="183432893" timestamp="2026-05-31T09:07:19Z" user="Smita Wankhede" uid="20977783" lat="13.0688948" lon="77.7948610"/>
 <node id="13898344959" visible="true" version="1" changeset="183432893" timestamp="2026-05-31T09:07:19Z" user="Smita Wankhede" uid="20977783" lat="13.0688440" lon="77.7947704"/>
 <node id="13898344960" visible="true" version="1" changeset="183432893" timestamp="2026-05-31T09:07:19Z" user="Smita Wankhede" uid="20977783" lat="13.0688382" lon="77.7948852"/>
 <node id="13898344961" visible="true" version="1" changeset="183432893" timestamp="2026-05-31T09:07:19Z" user="Smita Wankhede" uid="20977783" lat="13.0687299" lon="77.7948864"/>
 <node id="13898344962" visible="true" version="1" changeset="183432893" timestamp="2026-05-31T09:07:19Z" user="Smita Wankhede" uid="20977783" lat="13.0687380" lon="77.7947693"/>
 <node id="13898344963" visible="true" version="1" changeset="183432893" timestamp="2026-05-31T09:07:19Z" user="Smita Wankhede" uid="20977783" lat="13.0688252" lon="77.7948975"/>
 <node id="13898344964" visible="true" version="1" changeset="183432893" timestamp="2026-05-31T09:07:19Z" user="Smita Wankhede" uid="20977783" lat="13.0688194" lon="77.7950123"/>
 <node id="13898344965" visible="true" version="1" changeset="183432893" timestamp="2026-05-31T09:07:19Z" user="Smita Wankhede" uid="20977783" lat="13.0687111" lon="77.7950135"/>
 <node id="13898344966" visible="true" version="1" changeset="183432893" timestamp="2026-05-31T09:07:19Z" user="Smita Wankhede" uid="20977783" lat="13.0687192" lon="77.7948964"/>
 <node id="13898344971" visible="true" version="1" changeset="183432893" timestamp="2026-05-31T09:07:19Z" user="Smita Wankhede" uid="20977783" lat="13.0691121" lon="77.7950392"/>
 <node id="13898344972" visible="true" version="1" changeset="183432893" timestamp="2026-05-31T09:07:19Z" user="Smita Wankhede" uid="20977783" lat="13.0691063" lon="77.7951540"/>
 <node id="13898344973" visible="true" version="1" changeset="183432893" timestamp="2026-05-31T09:07:19Z" user="Smita Wankhede" uid="20977783" lat="13.0689980" lon="77.7951552"/>
 <node id="13898344974" visible="true" version="1" changeset="183432893" timestamp="2026-05-31T09:07:19Z" user="Smita Wankhede" uid="20977783" lat="13.0690061" lon="77.7950381"/>
 <node id="13898344975" visible="true" version="1" changeset="183432893" timestamp="2026-05-31T09:07:19Z" user="Smita Wankhede" uid="20977783" lat="13.0689992" lon="77.7950150"/>
 <node id="13898344976" visible="true" version="1" changeset="183432893" timestamp="2026-05-31T09:07:19Z" user="Smita Wankhede" uid="20977783" lat="13.0689934" lon="77.7951298"/>
 <node id="13898344977" visible="true" version="1" changeset="183432893" timestamp="2026-05-31T09:07:19Z" user="Smita Wankhede" uid="20977783" lat="13.0688851" lon="77.7951310"/>
 <node id="13898344978" visible="true" version="1" changeset="183432893" timestamp="2026-05-31T09:07:19Z" user="Smita Wankhede" uid="20977783" lat="13.0688932" lon="77.7950139"/>
 <node id="13898344979" visible="true" version="1" changeset="183432893" timestamp="2026-05-31T09:07:19Z" user="Smita Wankhede" uid="20977783" lat="13.0691168" lon="77.7952387"/>
 <node id="13898344980" visible="true" version="1" changeset="183432893" timestamp="2026-05-31T09:07:19Z" user="Smita Wankhede" uid="20977783" lat="13.0691110" lon="77.7953535"/>
 <node id="13898344981" visible="true" version="1" changeset="183432893" timestamp="2026-05-31T09:07:19Z" user="Smita Wankhede" uid="20977783" lat="13.0690027" lon="77.7953547"/>
 <node id="13898344982" visible="true" version="1" changeset="183432893" timestamp="2026-05-31T09:07:19Z" user="Smita Wankhede" uid="20977783" lat="13.0690108" lon="77.7952376"/>
 <node id="13898344983" visible="true" version="1" changeset="183432893" timestamp="2026-05-31T09:07:19Z" user="Smita Wankhede" uid="20977783" lat="13.0689663" lon="77.7952178"/>
 <node id="13898344984" visible="true" version="1" changeset="183432893" timestamp="2026-05-31T09:07:19Z" user="Smita Wankhede" uid="20977783" lat="13.0689605" lon="77.7953326"/>
 <node id="13898344985" visible="true" version="1" changeset="183432893" timestamp="2026-05-31T09:07:19Z" user="Smita Wankhede" uid="20977783" lat="13.0688522" lon="77.7953338"/>
 <node id="13898344986" visible="true" version="1" changeset="183432893" timestamp="2026-05-31T09:07:19Z" user="Smita Wankhede" uid="20977783" lat="13.0688603" lon="77.7952167"/>
 <node id="13898344987" visible="true" version="1" changeset="183432893" timestamp="2026-05-31T09:07:19Z" user="Smita Wankhede" uid="20977783" lat="13.0688582" lon="77.7952082"/>
 <node id="13898344988" visible="true" version="1" changeset="183432893" timestamp="2026-05-31T09:07:19Z" user="Smita Wankhede" uid="20977783" lat="13.0688524" lon="77.7953230"/>
 <node id="13898344989" visible="true" version="1" changeset="183432893" timestamp="2026-05-31T09:07:19Z" user="Smita Wankhede" uid="20977783" lat="13.0687441" lon="77.7953242"/>
 <node id="13898344990" visible="true" version="1" changeset="183432893" timestamp="2026-05-31T09:07:19Z" user="Smita Wankhede" uid="20977783" lat="13.0687522" lon="77.7952071"/>
 <node id="13898344999" visible="true" version="1" changeset="183432893" timestamp="2026-05-31T09:07:19Z" user="Smita Wankhede" uid="20977783" lat="13.0690463" lon="77.7953755"/>
 <node id="13898345000" visible="true" version="1" changeset="183432893" timestamp="2026-05-31T09:07:19Z" user="Smita Wankhede" uid="20977783" lat="13.0690405" lon="77.7954903"/>
 <node id="13898345001" visible="true" version="1" changeset="183432893" timestamp="2026-05-31T09:07:19Z" user="Smita Wankhede" uid="20977783" lat="13.0689322" lon="77.7954915"/>
 <node id="13898345002" visible="true" version="1" changeset="183432893" timestamp="2026-05-31T09:07:19Z" user="Smita Wankhede" uid="20977783" lat="13.0689403" lon="77.7953744"/>
 <node id="13898345003" visible="true" version="2" changeset="184843072" timestamp="2026-06-30T09:07:28Z" user="GoofyPixel" uid="23804275" lat="13.0688611" lon="77.7954073"/>
 <node id="13898345004" visible="true" version="2" changeset="184843072" timestamp="2026-06-30T09:07:28Z" user="GoofyPixel" uid="23804275" lat="13.0688630" lon="77.7955118"/>
 <node id="13898345005" visible="true" version="2" changeset="184843072" timestamp="2026-06-30T09:07:28Z" user="GoofyPixel" uid="23804275" lat="13.0687799" lon="77.7955129"/>
 <node id="13898345006" visible="true" version="2" changeset="184843072" timestamp="2026-06-30T09:07:28Z" user="GoofyPixel" uid="23804275" lat="13.0687796" lon="77.7954039"/>
 <node id="13898345263" visible="true" version="1" changeset="183432893" timestamp="2026-05-31T09:07:19Z" user="Smita Wankhede" uid="20977783" lat="13.0707356" lon="77.7929019"/>
 <node id="13898345264" visible="true" version="1" changeset="183432893" timestamp="2026-05-31T09:07:19Z" user="Smita Wankhede" uid="20977783" lat="13.0707298" lon="77.7930167"/>
 <node id="13898345265" visible="true" version="1" changeset="183432893" timestamp="2026-05-31T09:07:19Z" user="Smita Wankhede" uid="20977783" lat="13.0706215" lon="77.7930179"/>
 <node id="13898345266" visible="true" version="1" changeset="183432893" timestamp="2026-05-31T09:07:19Z" user="Smita Wankhede" uid="20977783" lat="13.0706296" lon="77.7929008"/>
 <node id="13898345267" visible="true" version="1" changeset="183432893" timestamp="2026-05-31T09:07:19Z" user="Smita Wankhede" uid="20977783" lat="13.0706108" lon="77.7928915"/>
 <node id="13898345268" visible="true" version="1" changeset="183432893" timestamp="2026-05-31T09:07:19Z" user="Smita Wankhede" uid="20977783" lat="13.0706050" lon="77.7930063"/>
 <node id="13898345269" visible="true" version="1" changeset="183432893" timestamp="2026-05-31T09:07:19Z" user="Smita Wankhede" uid="20977783" lat="13.0704967" lon="77.7930075"/>
 <node id="13898345270" visible="true" version="1" changeset="183432893" timestamp="2026-05-31T09:07:19Z" user="Smita Wankhede" uid="20977783" lat="13.0705048" lon="77.7928904"/>
 <node id="13898345271" visible="true" version="1" changeset="183432893" timestamp="2026-05-31T09:07:19Z" user="Smita Wankhede" uid="20977783" lat="13.0707269" lon="77.7930449"/>
 <node id="13898345272" visible="true" version="1" changeset="183432893" timestamp="2026-05-31T09:07:19Z" user="Smita Wankhede" uid="20977783" lat="13.0707034" lon="77.7931540"/>
 <node id="13898345273" visible="true" version="1" changeset="183432893" timestamp="2026-05-31T09:07:19Z" user="Smita Wankhede" uid="20977783" lat="13.0706128" lon="77.7931609"/>
 <node id="13898345274" visible="true" version="1" changeset="183432893" timestamp="2026-05-31T09:07:19Z" user="Smita Wankhede" uid="20977783" lat="13.0706209" lon="77.7930438"/>
 <node id="13898345275" visible="true" version="1" changeset="183432893" timestamp="2026-05-31T09:07:19Z" user="Smita Wankhede" uid="20977783" lat="13.0705832" lon="77.7930449"/>
 <node id="13898345276" visible="true" version="1" changeset="183432893" timestamp="2026-05-31T09:07:19Z" user="Smita Wankhede" uid="20977783" lat="13.0705774" lon="77.7931597"/>
 <node id="13898345277" visible="true" version="1" changeset="183432893" timestamp="2026-05-31T09:07:19Z" user="Smita Wankhede" uid="20977783" lat="13.0704691" lon="77.7931609"/>
 <node id="13898345278" visible="true" version="1" changeset="183432893" timestamp="2026-05-31T09:07:19Z" user="Smita Wankhede" uid="20977783" lat="13.0704772" lon="77.7930438"/>
 <node id="13898345279" visible="true" version="1" changeset="183432893" timestamp="2026-05-31T09:07:19Z" user="Smita Wankhede" uid="20977783" lat="13.0706892" lon="77.7931910"/>
 <node id="13898345280" visible="true" version="1" changeset="183432893" timestamp="2026-05-31T09:07:19Z" user="Smita Wankhede" uid="20977783" lat="13.0706834" lon="77.7933058"/>
 <node id="13898345281" visible="true" version="1" changeset="183432893" timestamp="2026-05-31T09:07:19Z" user="Smita Wankhede" uid="20977783" lat="13.0705751" lon="77.7933070"/>
 <node id="13898345282" visible="true" version="1" changeset="183432893" timestamp="2026-05-31T09:07:19Z" user="Smita Wankhede" uid="20977783" lat="13.0705832" lon="77.7931899"/>
 <node id="13898345283" visible="true" version="1" changeset="183432893" timestamp="2026-05-31T09:07:19Z" user="Smita Wankhede" uid="20977783" lat="13.0705411" lon="77.7931895"/>
 <node id="13898345284" visible="true" version="1" changeset="183432893" timestamp="2026-05-31T09:07:19Z" user="Smita Wankhede" uid="20977783" lat="13.0705353" lon="77.7933043"/>
 <node id="13898345285" visible="true" version="1" changeset="183432893" timestamp="2026-05-31T09:07:19Z" user="Smita Wankhede" uid="20977783" lat="13.0704270" lon="77.7933055"/>
 <node id="13898345286" visible="true" version="1" changeset="183432893" timestamp="2026-05-31T09:07:19Z" user="Smita Wankhede" uid="20977783" lat="13.0704351" lon="77.7931884"/>
 <node id="13898345287" visible="true" version="1" changeset="183432893" timestamp="2026-05-31T09:07:19Z" user="Smita Wankhede" uid="20977783" lat="13.0706717" lon="77.7933296"/>
 <node id="13898345288" visible="true" version="1" changeset="183432893" timestamp="2026-05-31T09:07:19Z" user="Smita Wankhede" uid="20977783" lat="13.0706659" lon="77.7934444"/>
 <node id="13898345289" visible="true" version="1" changeset="183432893" timestamp="2026-05-31T09:07:19Z" user="Smita Wankhede" uid="20977783" lat="13.0705576" lon="77.7934456"/>
 <node id="13898345290" visible="true" version="1" changeset="183432893" timestamp="2026-05-31T09:07:19Z" user="Smita Wankhede" uid="20977783" lat="13.0705657" lon="77.7933285"/>
 <node id="13898345291" visible="true" version="1" changeset="183432893" timestamp="2026-05-31T09:07:19Z" user="Smita Wankhede" uid="20977783" lat="13.0704976" lon="77.7933445"/>
 <node id="13898345292" visible="true" version="1" changeset="183432893" timestamp="2026-05-31T09:07:19Z" user="Smita Wankhede" uid="20977783" lat="13.0704918" lon="77.7934593"/>
 <node id="13898345293" visible="true" version="1" changeset="183432893" timestamp="2026-05-31T09:07:19Z" user="Smita Wankhede" uid="20977783" lat="13.0703835" lon="77.7934605"/>
 <node id="13898345294" visible="true" version="1" changeset="183432893" timestamp="2026-05-31T09:07:19Z" user="Smita Wankhede" uid="20977783" lat="13.0703916" lon="77.7933434"/>
 <node id="13898345295" visible="true" version="1" changeset="183432893" timestamp="2026-05-31T09:07:19Z" user="Smita Wankhede" uid="20977783" lat="13.0708706" lon="77.7930554"/>
 <node id="13898345296" visible="true" version="1" changeset="183432893" timestamp="2026-05-31T09:07:19Z" user="Smita Wankhede" uid="20977783" lat="13.0708648" lon="77.7931702"/>
 <node id="13898345297" visible="true" version="1" changeset="183432893" timestamp="2026-05-31T09:07:19Z" user="Smita Wankhede" uid="20977783" lat="13.0707565" lon="77.7931714"/>
 <node id="13898345298" visible="true" version="1" changeset="183432893" timestamp="2026-05-31T09:07:19Z" user="Smita Wankhede" uid="20977783" lat="13.0707646" lon="77.7930543"/>
 <node id="13898345351" visible="true" version="1" changeset="183432893" timestamp="2026-05-31T09:07:19Z" user="Smita Wankhede" uid="20977783" lat="13.0703219" lon="77.7936916"/>
 <node id="13898345352" visible="true" version="1" changeset="183432893" timestamp="2026-05-31T09:07:19Z" user="Smita Wankhede" uid="20977783" lat="13.0703161" lon="77.7938064"/>
 <node id="13898345353" visible="true" version="1" changeset="183432893" timestamp="2026-05-31T09:07:19Z" user="Smita Wankhede" uid="20977783" lat="13.0702078" lon="77.7938076"/>
 <node id="13898345354" visible="true" version="1" changeset="183432893" timestamp="2026-05-31T09:07:19Z" user="Smita Wankhede" uid="20977783" lat="13.0702159" lon="77.7936905"/>
 <node id="13898345355" visible="true" version="1" changeset="183432893" timestamp="2026-05-31T09:07:19Z" user="Smita Wankhede" uid="20977783" lat="13.0703509" lon="77.7934026"/>
 <node id="13898345356" visible="true" version="1" changeset="183432893" timestamp="2026-05-31T09:07:19Z" user="Smita Wankhede" uid="20977783" lat="13.0703451" lon="77.7935174"/>
 <node id="13898345357" visible="true" version="1" changeset="183432893" timestamp="2026-05-31T09:07:19Z" user="Smita Wankhede" uid="20977783" lat="13.0702368" lon="77.7935186"/>
 <node id="13898345358" visible="true" version="1" changeset="183432893" timestamp="2026-05-31T09:07:19Z" user="Smita Wankhede" uid="20977783" lat="13.0702449" lon="77.7934015"/>
 <node id="13898345359" visible="true" version="2" changeset="184477301" timestamp="2026-06-23T13:29:52Z" user="Marvin de Hont" uid="6616734" lat="13.0702355" lon="77.7934428"/>
 <node id="13898345360" visible="true" version="2" changeset="184477301" timestamp="2026-06-23T13:29:52Z" user="Marvin de Hont" uid="6616734" lat="13.0702340" lon="77.7934913"/>
 <node id="13898345361" visible="true" version="2" changeset="184477301" timestamp="2026-06-23T13:29:52Z" user="Marvin de Hont" uid="6616734" lat="13.0701270" lon="77.7934879"/>
 <node id="13898345362" visible="true" version="2" changeset="184477301" timestamp="2026-06-23T13:29:52Z" user="Marvin de Hont" uid="6616734" lat="13.0701285" lon="77.7934393"/>
 <node id="13898345363" visible="true" version="2" changeset="184477301" timestamp="2026-06-23T13:29:52Z" user="Marvin de Hont" uid="6616734" lat="13.0702481" lon="77.7932621"/>
 <node id="13898345364" visible="true" version="2" changeset="184477301" timestamp="2026-06-23T13:29:52Z" user="Marvin de Hont" uid="6616734" lat="13.0702454" lon="77.7933508"/>
 <node id="13898345365" visible="true" version="2" changeset="184477301" timestamp="2026-06-23T13:29:52Z" user="Marvin de Hont" uid="6616734" lat="13.0701384" lon="77.7933474"/>
 <node id="13898345366" visible="true" version="2" changeset="184477301" timestamp="2026-06-23T13:29:52Z" user="Marvin de Hont" uid="6616734" lat="13.0701411" lon="77.7932587"/>
 <node id="13898345367" visible="true" version="1" changeset="183432893" timestamp="2026-05-31T09:07:19Z" user="Smita Wankhede" uid="20977783" lat="13.0703408" lon="77.7931433"/>
 <node id="13898345368" visible="true" version="1" changeset="183432893" timestamp="2026-05-31T09:07:19Z" user="Smita Wankhede" uid="20977783" lat="13.0703350" lon="77.7932581"/>
 <node id="13898345369" visible="true" version="1" changeset="183432893" timestamp="2026-05-31T09:07:19Z" user="Smita Wankhede" uid="20977783" lat="13.0702267" lon="77.7932593"/>
 <node id="13898345370" visible="true" version="1" changeset="183432893" timestamp="2026-05-31T09:07:19Z" user="Smita Wankhede" uid="20977783" lat="13.0702348" lon="77.7931422"/>
 <node id="13898345371" visible="true" version="1" changeset="183432893" timestamp="2026-05-31T09:07:19Z" user="Smita Wankhede" uid="20977783" lat="13.0703451" lon="77.7930226"/>
 <node id="13898345372" visible="true" version="1" changeset="183432893" timestamp="2026-05-31T09:07:19Z" user="Smita Wankhede" uid="20977783" lat="13.0703393" lon="77.7931374"/>
 <node id="13898345373" visible="true" version="1" changeset="183432893" timestamp="2026-05-31T09:07:19Z" user="Smita Wankhede" uid="20977783" lat="13.0702310" lon="77.7931386"/>
 <node id="13898345374" visible="true" version="1" changeset="183432893" timestamp="2026-05-31T09:07:19Z" user="Smita Wankhede" uid="20977783" lat="13.0702391" lon="77.7930215"/>
 <node id="13898345375" visible="true" version="1" changeset="183432893" timestamp="2026-05-31T09:07:19Z" user="Smita Wankhede" uid="20977783" lat="13.0703640" lon="77.7928855"/>
 <node id="13898345376" visible="true" version="1" changeset="183432893" timestamp="2026-05-31T09:07:19Z" user="Smita Wankhede" uid="20977783" lat="13.0703582" lon="77.7930003"/>
 <node id="13898345377" visible="true" version="1" changeset="183432893" timestamp="2026-05-31T09:07:19Z" user="Smita Wankhede" uid="20977783" lat="13.0702499" lon="77.7930015"/>
 <node id="13898345378" visible="true" version="1" changeset="183432893" timestamp="2026-05-31T09:07:19Z" user="Smita Wankhede" uid="20977783" lat="13.0702580" lon="77.7928844"/>
 <node id="13898345379" visible="true" version="1" changeset="183432893" timestamp="2026-05-31T09:07:19Z" user="Smita Wankhede" uid="20977783" lat="13.0701187" lon="77.7928989"/>
 <node id="13898345380" visible="true" version="1" changeset="183432893" timestamp="2026-05-31T09:07:19Z" user="Smita Wankhede" uid="20977783" lat="13.0701129" lon="77.7930137"/>
 <node id="13898345381" visible="true" version="1" changeset="183432893" timestamp="2026-05-31T09:07:19Z" user="Smita Wankhede" uid="20977783" lat="13.0700046" lon="77.7930149"/>
 <node id="13898345382" visible="true" version="1" changeset="183432893" timestamp="2026-05-31T09:07:19Z" user="Smita Wankhede" uid="20977783" lat="13.0700127" lon="77.7928978"/>
 <node id="13898345383" visible="true" version="1" changeset="183432893" timestamp="2026-05-31T09:07:19Z" user="Smita Wankhede" uid="20977783" lat="13.0699881" lon="77.7929019"/>
 <node id="13898345384" visible="true" version="1" changeset="183432893" timestamp="2026-05-31T09:07:19Z" user="Smita Wankhede" uid="20977783" lat="13.0699823" lon="77.7930167"/>
 <node id="13898345385" visible="true" version="1" changeset="183432893" timestamp="2026-05-31T09:07:19Z" user="Smita Wankhede" uid="20977783" lat="13.0698740" lon="77.7930179"/>
 <node id="13898345386" visible="true" version="1" changeset="183432893" timestamp="2026-05-31T09:07:19Z" user="Smita Wankhede" uid="20977783" lat="13.0698821" lon="77.7929008"/>
 <node id="13898345387" visible="true" version="1" changeset="183432893" timestamp="2026-05-31T09:07:19Z" user="Smita Wankhede" uid="20977783" lat="13.0699706" lon="77.7930524"/>
 <node id="13898345388" visible="true" version="1" changeset="183432893" timestamp="2026-05-31T09:07:19Z" user="Smita Wankhede" uid="20977783" lat="13.0699648" lon="77.7931672"/>
 <node id="13898345389" visible="true" version="1" changeset="183432893" timestamp="2026-05-31T09:07:19Z" user="Smita Wankhede" uid="20977783" lat="13.0698565" lon="77.7931684"/>
 <node id="13898345390" visible="true" version="1" changeset="183432893" timestamp="2026-05-31T09:07:19Z" user="Smita Wankhede" uid="20977783" lat="13.0698646" lon="77.7930513"/>
 <node id="13898345391" visible="true" version="1" changeset="183432893" timestamp="2026-05-31T09:07:19Z" user="Smita Wankhede" uid="20977783" lat="13.0700897" lon="77.7931552"/>
 <node id="13898345392" visible="true" version="1" changeset="183432893" timestamp="2026-05-31T09:07:19Z" user="Smita Wankhede" uid="20977783" lat="13.0700839" lon="77.7932700"/>
 <node id="13898345393" visible="true" version="1" changeset="183432893" timestamp="2026-05-31T09:07:19Z" user="Smita Wankhede" uid="20977783" lat="13.0699756" lon="77.7932712"/>
 <node id="13898345394" visible="true" version="1" changeset="183432893" timestamp="2026-05-31T09:07:19Z" user="Smita Wankhede" uid="20977783" lat="13.0699837" lon="77.7931541"/>
 <node id="13898345395" visible="true" version="1" changeset="183432893" timestamp="2026-05-31T09:07:19Z" user="Smita Wankhede" uid="20977783" lat="13.0699605" lon="77.7931775"/>
 <node id="13898345396" visible="true" version="1" changeset="183432893" timestamp="2026-05-31T09:07:19Z" user="Smita Wankhede" uid="20977783" lat="13.0699547" lon="77.7932923"/>
 <node id="13898345397" visible="true" version="1" changeset="183432893" timestamp="2026-05-31T09:07:19Z" user="Smita Wankhede" uid="20977783" lat="13.0698464" lon="77.7932935"/>
 <node id="13898345398" visible="true" version="1" changeset="183432893" timestamp="2026-05-31T09:07:19Z" user="Smita Wankhede" uid="20977783" lat="13.0698545" lon="77.7931764"/>
 <node id="13898345399" visible="true" version="1" changeset="183432893" timestamp="2026-05-31T09:07:19Z" user="Smita Wankhede" uid="20977783" lat="13.0699503" lon="77.7933236"/>
 <node id="13898345400" visible="true" version="1" changeset="183432893" timestamp="2026-05-31T09:07:19Z" user="Smita Wankhede" uid="20977783" lat="13.0699445" lon="77.7934384"/>
 <node id="13898345401" visible="true" version="1" changeset="183432893" timestamp="2026-05-31T09:07:19Z" user="Smita Wankhede" uid="20977783" lat="13.0698362" lon="77.7934396"/>
 <node id="13898345402" visible="true" version="1" changeset="183432893" timestamp="2026-05-31T09:07:19Z" user="Smita Wankhede" uid="20977783" lat="13.0698443" lon="77.7933225"/>
 <node id="13898345403" visible="true" version="1" changeset="183432893" timestamp="2026-05-31T09:07:19Z" user="Smita Wankhede" uid="20977783" lat="13.0700708" lon="77.7932878"/>
 <node id="13898345404" visible="true" version="1" changeset="183432893" timestamp="2026-05-31T09:07:19Z" user="Smita Wankhede" uid="20977783" lat="13.0700650" lon="77.7934026"/>
 <node id="13898345405" visible="true" version="1" changeset="183432893" timestamp="2026-05-31T09:07:19Z" user="Smita Wankhede" uid="20977783" lat="13.0699567" lon="77.7934038"/>
 <node id="13898345406" visible="true" version="1" changeset="183432893" timestamp="2026-05-31T09:07:19Z" user="Smita Wankhede" uid="20977783" lat="13.0699648" lon="77.7932867"/>
 <node id="13898345407" visible="true" version="1" changeset="183432893" timestamp="2026-05-31T09:07:19Z" user="Smita Wankhede" uid="20977783" lat="13.0700752" lon="77.7934219"/>
 <node id="13898345408" visible="true" version="1" changeset="183432893" timestamp="2026-05-31T09:07:19Z" user="Smita Wankhede" uid="20977783" lat="13.0700694" lon="77.7935367"/>
 <node id="13898345409" visible="true" version="1" changeset="183432893" timestamp="2026-05-31T09:07:19Z" user="Smita Wankhede" uid="20977783" lat="13.0699610" lon="77.7935379"/>
 <node id="13898345410" visible="true" version="1" changeset="183432893" timestamp="2026-05-31T09:07:19Z" user="Smita Wankhede" uid="20977783" lat="13.0699691" lon="77.7934208"/>
 <node id="13898345411" visible="true" version="1" changeset="183432893" timestamp="2026-05-31T09:07:19Z" user="Smita Wankhede" uid="20977783" lat="13.0699547" lon="77.7936082"/>
 <node id="13898345412" visible="true" version="1" changeset="183432893" timestamp="2026-05-31T09:07:19Z" user="Smita Wankhede" uid="20977783" lat="13.0699489" lon="77.7937230"/>
 <node id="13898345413" visible="true" version="1" changeset="183432893" timestamp="2026-05-31T09:07:19Z" user="Smita Wankhede" uid="20977783" lat="13.0698406" lon="77.7937242"/>
 <node id="13898345414" visible="true" version="1" changeset="183432893" timestamp="2026-05-31T09:07:19Z" user="Smita Wankhede" uid="20977783" lat="13.0698487" lon="77.7936071"/>
 <node id="13898345415" visible="true" version="1" changeset="183432893" timestamp="2026-05-31T09:07:19Z" user="Smita Wankhede" uid="20977783" lat="13.0699561" lon="77.7937572"/>
 <node id="13898345416" visible="true" version="1" changeset="183432893" timestamp="2026-05-31T09:07:19Z" user="Smita Wankhede" uid="20977783" lat="13.0699503" lon="77.7938720"/>
 <node id="13898345417" visible="true" version="1" changeset="183432893" timestamp="2026-05-31T09:07:19Z" user="Smita Wankhede" uid="20977783" lat="13.0698420" lon="77.7938732"/>
 <node id="13898345418" visible="true" version="1" changeset="183432893" timestamp="2026-05-31T09:07:19Z" user="Smita Wankhede" uid="20977783" lat="13.0698501" lon="77.7937561"/>
 <node id="13898345419" visible="true" version="1" changeset="183432893" timestamp="2026-05-31T09:07:19Z" user="Smita Wankhede" uid="20977783" lat="13.0699518" lon="77.7939047"/>
 <node id="13898345420" visible="true" version="1" changeset="183432893" timestamp="2026-05-31T09:07:19Z" user="Smita Wankhede" uid="20977783" lat="13.0699460" lon="77.7940195"/>
 <node id="13898345421" visible="true" version="1" changeset="183432893" timestamp="2026-05-31T09:07:19Z" user="Smita Wankhede" uid="20977783" lat="13.0698377" lon="77.7940207"/>
 <node id="13898345422" visible="true" version="1" changeset="183432893" timestamp="2026-05-31T09:07:19Z" user="Smita Wankhede" uid="20977783" lat="13.0698458" lon="77.7939036"/>
 <node id="13898345423" visible="true" version="1" changeset="183432893" timestamp="2026-05-31T09:07:19Z" user="Smita Wankhede" uid="20977783" lat="13.0699619" lon="77.7940537"/>
 <node id="13898345424" visible="true" version="1" changeset="183432893" timestamp="2026-05-31T09:07:19Z" user="Smita Wankhede" uid="20977783" lat="13.0699561" lon="77.7941685"/>
 <node id="13898345425" visible="true" version="1" changeset="183432893" timestamp="2026-05-31T09:07:19Z" user="Smita Wankhede" uid="20977783" lat="13.0698478" lon="77.7941697"/>
 <node id="13898345426" visible="true" version="1" changeset="183432893" timestamp="2026-05-31T09:07:19Z" user="Smita Wankhede" uid="20977783" lat="13.0698559" lon="77.7940526"/>
 <node id="13898345427" visible="true" version="2" changeset="184928603" timestamp="2026-07-01T17:36:09Z" user="googlenaut" uid="519916" lat="13.0698396" lon="77.7935868"/>
 <node id="13898345428" visible="true" version="2" changeset="184928603" timestamp="2026-07-01T17:36:09Z" user="googlenaut" uid="519916" lat="13.0698338" lon="77.7937016"/>
 <node id="13898345429" visible="true" version="2" changeset="184928603" timestamp="2026-07-01T17:36:09Z" user="googlenaut" uid="519916" lat="13.0697255" lon="77.7937028"/>
 <node id="13898345430" visible="true" version="2" changeset="184928603" timestamp="2026-07-01T17:36:09Z" user="googlenaut" uid="519916" lat="13.0697336" lon="77.7935857"/>
 <node id="13898345431" visible="true" version="1" changeset="183432893" timestamp="2026-05-31T09:07:19Z" user="Smita Wankhede" uid="20977783" lat="13.0698386" lon="77.7937751"/>
 <node id="13898345432" visible="true" version="1" changeset="183432893" timestamp="2026-05-31T09:07:19Z" user="Smita Wankhede" uid="20977783" lat="13.0698328" lon="77.7938899"/>
 <node id="13898345433" visible="true" version="1" changeset="183432893" timestamp="2026-05-31T09:07:19Z" user="Smita Wankhede" uid="20977783" lat="13.0697245" lon="77.7938911"/>
 <node id="13898345434" visible="true" version="1" changeset="183432893" timestamp="2026-05-31T09:07:19Z" user="Smita Wankhede" uid="20977783" lat="13.0697326" lon="77.7937740"/>
 <node id="13898345435" visible="true" version="1" changeset="183432893" timestamp="2026-05-31T09:07:19Z" user="Smita Wankhede" uid="20977783" lat="13.0698197" lon="77.7939166"/>
 <node id="13898345436" visible="true" version="1" changeset="183432893" timestamp="2026-05-31T09:07:19Z" user="Smita Wankhede" uid="20977783" lat="13.0698139" lon="77.7940314"/>
 <node id="13898345437" visible="true" version="1" changeset="183432893" timestamp="2026-05-31T09:07:19Z" user="Smita Wankhede" uid="20977783" lat="13.0697056" lon="77.7940326"/>
 <node id="13898345438" visible="true" version="1" changeset="183432893" timestamp="2026-05-31T09:07:19Z" user="Smita Wankhede" uid="20977783" lat="13.0697137" lon="77.7939155"/>
 <node id="13898345439" visible="true" version="1" changeset="183432893" timestamp="2026-05-31T09:07:19Z" user="Smita Wankhede" uid="20977783" lat="13.0698269" lon="77.7940776"/>
 <node id="13898345440" visible="true" version="1" changeset="183432893" timestamp="2026-05-31T09:07:19Z" user="Smita Wankhede" uid="20977783" lat="13.0698211" lon="77.7941924"/>
 <node id="13898345441" visible="true" version="1" changeset="183432893" timestamp="2026-05-31T09:07:19Z" user="Smita Wankhede" uid="20977783" lat="13.0697128" lon="77.7941936"/>
 <node id="13898345442" visible="true" version="1" changeset="183432893" timestamp="2026-05-31T09:07:19Z" user="Smita Wankhede" uid="20977783" lat="13.0697209" lon="77.7940765"/>
 <node id="13898345443" visible="true" version="1" changeset="183432893" timestamp="2026-05-31T09:07:19Z" user="Smita Wankhede" uid="20977783" lat="13.0699503" lon="77.7942445"/>
 <node id="13898345444" visible="true" version="1" changeset="183432893" timestamp="2026-05-31T09:07:19Z" user="Smita Wankhede" uid="20977783" lat="13.0699445" lon="77.7943593"/>
 <node id="13898345445" visible="true" version="1" changeset="183432893" timestamp="2026-05-31T09:07:19Z" user="Smita Wankhede" uid="20977783" lat="13.0698362" lon="77.7943605"/>
 <node id="13898345446" visible="true" version="1" changeset="183432893" timestamp="2026-05-31T09:07:19Z" user="Smita Wankhede" uid="20977783" lat="13.0698443" lon="77.7942434"/>
 <node id="13898345447" visible="true" version="1" changeset="183432893" timestamp="2026-05-31T09:07:19Z" user="Smita Wankhede" uid="20977783" lat="13.0698095" lon="77.7943175"/>
 <node id="13898345448" visible="true" version="1" changeset="183432893" timestamp="2026-05-31T09:07:19Z" user="Smita Wankhede" uid="20977783" lat="13.0698037" lon="77.7944323"/>
 <node id="13898345449" visible="true" version="1" changeset="183432893" timestamp="2026-05-31T09:07:19Z" user="Smita Wankhede" uid="20977783" lat="13.0696954" lon="77.7944335"/>
 <node id="13898345450" visible="true" version="1" changeset="183432893" timestamp="2026-05-31T09:07:19Z" user="Smita Wankhede" uid="20977783" lat="13.0697035" lon="77.7943164"/>
 <node id="13898345451" visible="true" version="1" changeset="183432893" timestamp="2026-05-31T09:07:19Z" user="Smita Wankhede" uid="20977783" lat="13.0699518" lon="77.7943726"/>
 <node id="13898345452" visible="true" version="1" changeset="183432893" timestamp="2026-05-31T09:07:19Z" user="Smita Wankhede" uid="20977783" lat="13.0699460" lon="77.7944874"/>
 <node id="13898345453" visible="true" version="1" changeset="183432893" timestamp="2026-05-31T09:07:19Z" user="Smita Wankhede" uid="20977783" lat="13.0698377" lon="77.7944886"/>
 <node id="13898345454" visible="true" version="1" changeset="183432893" timestamp="2026-05-31T09:07:19Z" user="Smita Wankhede" uid="20977783" lat="13.0698458" lon="77.7943715"/>
 <node id="13898345455" visible="true" version="1" changeset="183432893" timestamp="2026-05-31T09:07:19Z" user="Smita Wankhede" uid="20977783" lat="13.0697979" lon="77.7944635"/>
 <node id="13898345456" visible="true" version="1" changeset="183432893" timestamp="2026-05-31T09:07:19Z" user="Smita Wankhede" uid="20977783" lat="13.0697921" lon="77.7945783"/>
 <node id="13898345457" visible="true" version="1" changeset="183432893" timestamp="2026-05-31T09:07:19Z" user="Smita Wankhede" uid="20977783" lat="13.0696838" lon="77.7945795"/>
 <node id="13898345458" visible="true" version="1" changeset="183432893" timestamp="2026-05-31T09:07:19Z" user="Smita Wankhede" uid="20977783" lat="13.0696919" lon="77.7944624"/>
 <node id="13898345459" visible="true" version="1" changeset="183432893" timestamp="2026-05-31T09:07:19Z" user="Smita Wankhede" uid="20977783" lat="13.0699315" lon="77.7945231"/>
 <node id="13898345460" visible="true" version="1" changeset="183432893" timestamp="2026-05-31T09:07:19Z" user="Smita Wankhede" uid="20977783" lat="13.0699257" lon="77.7946379"/>
 <node id="13898345461" visible="true" version="1" changeset="183432893" timestamp="2026-05-31T09:07:19Z" user="Smita Wankhede" uid="20977783" lat="13.0698174" lon="77.7946391"/>
 <node id="13898345462" visible="true" version="1" changeset="183432893" timestamp="2026-05-31T09:07:19Z" user="Smita Wankhede" uid="20977783" lat="13.0698255" lon="77.7945220"/>
 <node id="13898345463" visible="true" version="2" changeset="184842633" timestamp="2026-06-30T08:58:38Z" user="GoofyPixel" uid="23804275" lat="13.0699352" lon="77.7947263"/>
 <node id="13898345464" visible="true" version="2" changeset="184842633" timestamp="2026-06-30T08:58:38Z" user="GoofyPixel" uid="23804275" lat="13.0699320" lon="77.7948010"/>
 <node id="13898345465" visible="true" version="2" changeset="184842633" timestamp="2026-06-30T08:58:38Z" user="GoofyPixel" uid="23804275" lat="13.0698212" lon="77.7947960"/>
 <node id="13898345466" visible="true" version="2" changeset="184842633" timestamp="2026-06-30T08:58:38Z" user="GoofyPixel" uid="23804275" lat="13.0698244" lon="77.7947213"/>
 <node id="13898345467" visible="true" version="2" changeset="184842633" timestamp="2026-06-30T08:58:38Z" user="GoofyPixel" uid="23804275" lat="13.0698130" lon="77.7947714"/>
 <node id="13898345468" visible="true" version="2" changeset="184842633" timestamp="2026-06-30T08:58:38Z" user="GoofyPixel" uid="23804275" lat="13.0698132" lon="77.7948449"/>
 <node id="13898345469" visible="true" version="2" changeset="184842633" timestamp="2026-06-30T08:58:38Z" user="GoofyPixel" uid="23804275" lat="13.0697218" lon="77.7948451"/>
 <node id="13898345470" visible="true" version="2" changeset="184842633" timestamp="2026-06-30T08:58:38Z" user="GoofyPixel" uid="23804275" lat="13.0697216" lon="77.7947716"/>
 <node id="13898345471" visible="true" version="2" changeset="184842633" timestamp="2026-06-30T08:58:38Z" user="GoofyPixel" uid="23804275" lat="13.0699330" lon="77.7948052"/>
 <node id="13898345472" visible="true" version="2" changeset="184842633" timestamp="2026-06-30T08:58:38Z" user="GoofyPixel" uid="23804275" lat="13.0699331" lon="77.7948864"/>
 <node id="13898345473" visible="true" version="2" changeset="184842633" timestamp="2026-06-30T08:58:38Z" user="GoofyPixel" uid="23804275" lat="13.0698291" lon="77.7948864"/>
 <node id="13898345474" visible="true" version="2" changeset="184842633" timestamp="2026-06-30T08:58:38Z" user="GoofyPixel" uid="23804275" lat="13.0698291" lon="77.7948053"/>
 <node id="13898345475" visible="true" version="1" changeset="183432893" timestamp="2026-05-31T09:07:19Z" user="Smita Wankhede" uid="20977783" lat="13.0699329" lon="77.7950074"/>
 <node id="13898345476" visible="true" version="1" changeset="183432893" timestamp="2026-05-31T09:07:19Z" user="Smita Wankhede" uid="20977783" lat="13.0699271" lon="77.7951222"/>
 <node id="13898345477" visible="true" version="1" changeset="183432893" timestamp="2026-05-31T09:07:19Z" user="Smita Wankhede" uid="20977783" lat="13.0698188" lon="77.7951234"/>
 <node id="13898345478" visible="true" version="1" changeset="183432893" timestamp="2026-05-31T09:07:19Z" user="Smita Wankhede" uid="20977783" lat="13.0698269" lon="77.7950063"/>
 <node id="13898345479" visible="true" version="1" changeset="183432893" timestamp="2026-05-31T09:07:19Z" user="Smita Wankhede" uid="20977783" lat="13.0699082" lon="77.7951728"/>
 <node id="13898345480" visible="true" version="1" changeset="183432893" timestamp="2026-05-31T09:07:19Z" user="Smita Wankhede" uid="20977783" lat="13.0699024" lon="77.7952876"/>
 <node id="13898345481" visible="true" version="1" changeset="183432893" timestamp="2026-05-31T09:07:19Z" user="Smita Wankhede" uid="20977783" lat="13.0697941" lon="77.7952888"/>
 <node id="13898345482" visible="true" version="1" changeset="183432893" timestamp="2026-05-31T09:07:19Z" user="Smita Wankhede" uid="20977783" lat="13.0698022" lon="77.7951717"/>
 <node id="13898372401" visible="true" version="1" changeset="183433928" timestamp="2026-05-31T09:30:03Z" user="Smita Wankhede" uid="20977783" lat="13.0687908" lon="77.7931133"/>
 <node id="13898372742" visible="true" version="1" changeset="183433928" timestamp="2026-05-31T09:30:03Z" user="Smita Wankhede" uid="20977783" lat="13.0689030" lon="77.7929179"/>
 <node id="13898372743" visible="true" version="1" changeset="183433928" timestamp="2026-05-31T09:30:03Z" user="Smita Wankhede" uid="20977783" lat="13.0688972" lon="77.7930327"/>
 <node id="13898372744" visible="true" version="1" changeset="183433928" timestamp="2026-05-31T09:30:03Z" user="Smita Wankhede" uid="20977783" lat="13.0687889" lon="77.7930339"/>
 <node id="13898372745" visible="true" version="1" changeset="183433928" timestamp="2026-05-31T09:30:03Z" user="Smita Wankhede" uid="20977783" lat="13.0687970" lon="77.7929168"/>
 <way id="215202830" visible="true" version="7" changeset="156772798" timestamp="2024-09-18T13:04:27Z" user="chandrashekaru" uid="19582889">
  <nd ref="2246105373"/>
  <nd ref="2246105298"/>
  <nd ref="2247601771"/>
  <nd ref="11121676751"/>
  <nd ref="2247601757"/>
  <nd ref="2246105262"/>
  <nd ref="2247601749"/>
  <nd ref="7205591343"/>
  <nd ref="2246105240"/>
  <nd ref="2247601741"/>
  <nd ref="2246105229"/>
  <nd ref="2247601733"/>
  <nd ref="2247601724"/>
  <nd ref="2246105207"/>
  <nd ref="2246105203"/>
  <nd ref="6143951358"/>
  <nd ref="2246105197"/>
  <nd ref="2247601679"/>
  <nd ref="2246105172"/>
  <nd ref="2247601667"/>
  <nd ref="2247601655"/>
  <nd ref="2247601646"/>
  <nd ref="2247601631"/>
  <nd ref="579293699"/>
  <nd ref="9805974983"/>
  <nd ref="9805974958"/>
  <nd ref="2246105129"/>
  <nd ref="2247601553"/>
  <nd ref="2246105124"/>
  <nd ref="2247601540"/>
  <nd ref="2246105120"/>
  <nd ref="2247601538"/>
  <nd ref="2246105115"/>
  <nd ref="2247601527"/>
  <nd ref="12184046861"/>
  <nd ref="2246105111"/>
  <tag k="highway" v="residential"/>
 </way>
 <way id="215342771" visible="true" version="1" changeset="15602842" timestamp="2013-04-04T03:32:18Z" user="sathishwrn1707" uid="1324241">
  <nd ref="2247601687"/>
  <nd ref="2247601663"/>
  <tag k="highway" v="residential"/>
 </way>
 <way id="215342777" visible="true" version="1" changeset="15602842" timestamp="2013-04-04T03:32:19Z" user="sathishwrn1707" uid="1324241">
  <nd ref="2247601684"/>
  <nd ref="2247601665"/>
  <tag k="highway" v="residential"/>
 </way>
 <way id="215342780" visible="true" version="1" changeset="15602842" timestamp="2013-04-04T03:32:19Z" user="sathishwrn1707" uid="1324241">
  <nd ref="2247601682"/>
  <nd ref="2247601666"/>
  <tag k="highway" v="residential"/>
 </way>
 <way id="215342785" visible="true" version="1" changeset="15602842" timestamp="2013-04-04T03:32:19Z" user="sathishwrn1707" uid="1324241">
  <nd ref="2247601708"/>
  <nd ref="2247601718"/>
  <tag k="highway" v="residential"/>
 </way>
 <way id="215342804" visible="true" version="3" changeset="144575178" timestamp="2023-11-29T06:32:59Z" user="ompatekar" uid="16275581">
  <nd ref="2247601646"/>
  <nd ref="9805974969"/>
  <nd ref="2247601645"/>
  <nd ref="9805974991"/>
  <tag k="highway" v="residential"/>
 </way>
 <way id="215342811" visible="true" version="1" changeset="15602842" timestamp="2013-04-04T03:32:20Z" user="sathishwrn1707" uid="1324241">
  <nd ref="2247601608"/>
  <nd ref="2247601626"/>
  <nd ref="2247601643"/>
  <nd ref="2247601659"/>
  <tag k="highway" v="residential"/>
 </way>
 <way id="215342816" visible="true" version="1" changeset="15602842" timestamp="2013-04-04T03:32:20Z" user="sathishwrn1707" uid="1324241">
  <nd ref="2246105207"/>
  <nd ref="2247601708"/>
  <nd ref="2247601703"/>
  <nd ref="2247601702"/>
  <nd ref="2246105197"/>
  <tag k="highway" v="residential"/>
 </way>
 <way id="215342820" visible="true" version="2" changeset="65979005" timestamp="2019-01-03T06:13:41Z" user="vijay kumar reddy b" uid="9086402">
  <nd ref="2247601702"/>
  <nd ref="2247601705"/>
  <nd ref="2247601704"/>
  <nd ref="2247601701"/>
  <nd ref="6180248817"/>
  <nd ref="2247601699"/>
  <tag k="highway" v="residential"/>
 </way>
 <way id="215342824" visible="true" version="3" changeset="122157010" timestamp="2022-06-09T10:08:00Z" user="Kavithaptpm" uid="12266079">
  <nd ref="2247601670"/>
  <nd ref="2247601671"/>
  <nd ref="2247601669"/>
  <nd ref="2247601668"/>
  <nd ref="9805974813"/>
  <nd ref="6143951362"/>
  <nd ref="2247601659"/>
  <nd ref="9805974919"/>
  <nd ref="2247601655"/>
  <tag k="highway" v="residential"/>
 </way>
 <way id="215342826" visible="true" version="3" changeset="145244159" timestamp="2023-12-18T09:48:30Z" user="ompatekar" uid="16275581">
  <nd ref="2247601631"/>
  <nd ref="9805974970"/>
  <nd ref="2247601632"/>
  <nd ref="9805974990"/>
  <nd ref="2247601634"/>
  <nd ref="2247601630"/>
  <nd ref="2247601629"/>
  <tag k="highway" v="residential"/>
 </way>
 <way id="215342828" visible="true" version="3" changeset="122159856" timestamp="2022-06-09T11:07:58Z" user="Kavithaptpm" uid="12266079">
  <nd ref="2247601680"/>
  <nd ref="9806089243"/>
  <nd ref="2247601688"/>
  <nd ref="2247601687"/>
  <nd ref="9805974968"/>
  <nd ref="2247601684"/>
  <nd ref="2247601682"/>
  <nd ref="9805974816"/>
  <nd ref="2247601679"/>
  <tag k="highway" v="residential"/>
 </way>
 <way id="215342834" visible="true" version="2" changeset="122157010" timestamp="2022-06-09T10:08:00Z" user="Kavithaptpm" uid="12266079">
  <nd ref="2247601667"/>
  <nd ref="9805974815"/>
  <nd ref="2247601666"/>
  <nd ref="2247601665"/>
  <nd ref="2247601664"/>
  <nd ref="2247601663"/>
  <nd ref="9805974992"/>
  <nd ref="2247601662"/>
  <nd ref="2247601661"/>
  <nd ref="2247601650"/>
  <nd ref="2247601648"/>
  <tag k="highway" v="residential"/>
 </way>
 <way id="280482837" visible="true" version="6" changeset="162569820" timestamp="2025-02-16T13:01:15Z" user="SudhiBS" uid="22518380">
  <nd ref="2845939382"/>
  <nd ref="2845939388"/>
  <nd ref="2845939371"/>
  <nd ref="2246105197"/>
  <nd ref="2845939352"/>
  <nd ref="2845939344"/>
  <nd ref="2845939337"/>
  <nd ref="2845939327"/>
  <nd ref="2845939312"/>
  <nd ref="2845939302"/>
  <nd ref="2845939289"/>
  <nd ref="2845939282"/>
  <nd ref="2845939269"/>
  <nd ref="2845939262"/>
  <nd ref="2845939254"/>
  <nd ref="2845939250"/>
  <nd ref="2845939247"/>
  <nd ref="2845939243"/>
  <nd ref="2845939237"/>
  <nd ref="2845939228"/>
  <nd ref="2845939222"/>
  <nd ref="2845939217"/>
  <nd ref="2845939211"/>
  <nd ref="2845939198"/>
  <nd ref="2845939191"/>
  <nd ref="2845939178"/>
  <nd ref="2845939165"/>
  <nd ref="2845939142"/>
  <nd ref="2845939132"/>
  <nd ref="2845939105"/>
  <nd ref="2845939084"/>
  <nd ref="2845939075"/>
  <nd ref="2845939072"/>
  <nd ref="2845939068"/>
  <nd ref="2845939064"/>
  <nd ref="2845939060"/>
  <nd ref="2845939059"/>
  <nd ref="2845939049"/>
  <nd ref="2845939030"/>
  <nd ref="2845939027"/>
  <nd ref="2845939019"/>
  <nd ref="2845939010"/>
  <nd ref="2845939000"/>
  <nd ref="2845938994"/>
  <nd ref="2845938988"/>
  <nd ref="2845938985"/>
  <nd ref="2845938980"/>
  <nd ref="2845938978"/>
  <nd ref="2845938972"/>
  <nd ref="2845938969"/>
  <nd ref="2845938964"/>
  <nd ref="2845938961"/>
  <nd ref="12592957438"/>
  <nd ref="2845938957"/>
  <nd ref="2845938951"/>
  <nd ref="2845938945"/>
  <nd ref="10216420362"/>
  <nd ref="2845938939"/>
  <nd ref="2845938935"/>
  <nd ref="2845938933"/>
  <nd ref="2845938921"/>
  <nd ref="2845938920"/>
  <nd ref="2845938915"/>
  <nd ref="2845938914"/>
  <nd ref="2845938912"/>
  <nd ref="9048132861"/>
  <nd ref="2845938911"/>
  <nd ref="2845938910"/>
  <tag k="cables" v="3"/>
  <tag k="power" v="line"/>
  <tag k="voltage" v="66000"/>
 </way>
 <way id="655784587" visible="true" version="3" changeset="144889482" timestamp="2023-12-08T06:37:37Z" user="mdtauhid" uid="19369851">
  <nd ref="6143951362"/>
  <nd ref="9805974814"/>
  <nd ref="6143951361"/>
  <nd ref="6143951360"/>
  <nd ref="6143951358"/>
  <tag k="highway" v="residential"/>
 </way>
 <way id="655784589" visible="true" version="1" changeset="65567503" timestamp="2018-12-18T01:35:57Z" user="Nitin_Raj" uid="9086386">
  <nd ref="2246105192"/>
  <nd ref="6143951364"/>
  <nd ref="6143951361"/>
  <nd ref="6143951363"/>
  <nd ref="2247601679"/>
  <tag k="highway" v="residential"/>
 </way>
 <way id="757495264" visible="true" version="10" changeset="145244106" timestamp="2023-12-18T09:46:48Z" user="ompatekar" uid="16275581">
  <nd ref="9806131293"/>
  <nd ref="2247601627"/>
  <nd ref="2247601625"/>
  <nd ref="579293608"/>
  <nd ref="9806089241"/>
  <nd ref="579293692"/>
  <nd ref="2247601618"/>
  <nd ref="9806089244"/>
  <nd ref="579293696"/>
  <nd ref="2247601615"/>
  <nd ref="2247601616"/>
  <nd ref="9805974994"/>
  <nd ref="2247601617"/>
  <nd ref="9805974989"/>
  <nd ref="9805974971"/>
  <nd ref="9805974976"/>
  <nd ref="579293699"/>
  <nd ref="579293700"/>
  <nd ref="9805974920"/>
  <nd ref="579293702"/>
  <nd ref="2247601608"/>
  <nd ref="9806030173"/>
  <nd ref="2247601612"/>
  <nd ref="579293705"/>
  <nd ref="2246105140"/>
  <nd ref="9805974966"/>
  <nd ref="9900862300"/>
  <nd ref="579293707"/>
  <nd ref="2247601620"/>
  <nd ref="579293710"/>
  <nd ref="2247601621"/>
  <nd ref="2247601622"/>
  <nd ref="579293712"/>
  <nd ref="579293714"/>
  <nd ref="579293718"/>
  <nd ref="308465960"/>
  <tag k="highway" v="tertiary"/>
 </way>
 <way id="1068162099" visible="true" version="2" changeset="144574737" timestamp="2023-11-29T06:12:23Z" user="ompatekar" uid="16275581">
  <nd ref="2246105172"/>
  <nd ref="11383023995"/>
  <tag k="highway" v="residential"/>
  <tag k="source" v="maxar"/>
 </way>
 <way id="1068162100" visible="true" version="1" changeset="122157010" timestamp="2022-06-09T10:08:00Z" user="Kavithaptpm" uid="12266079">
  <nd ref="9805974815"/>
  <nd ref="9805974816"/>
  <tag k="highway" v="residential"/>
  <tag k="source" v="maxar"/>
 </way>
 <way id="1068162102" visible="true" version="1" changeset="122157010" timestamp="2022-06-09T10:08:00Z" user="Kavithaptpm" uid="12266079">
  <nd ref="9805974919"/>
  <nd ref="9805974920"/>
  <tag k="highway" v="residential"/>
  <tag k="source" v="maxar"/>
 </way>
 <way id="1068162120" visible="true" version="1" changeset="122157010" timestamp="2022-06-09T10:08:00Z" user="Kavithaptpm" uid="12266079">
  <nd ref="2247601664"/>
  <nd ref="9805974968"/>
  <tag k="highway" v="residential"/>
  <tag k="source" v="maxar"/>
 </way>
 <way id="1068162121" visible="true" version="1" changeset="122157010" timestamp="2022-06-09T10:08:00Z" user="Kavithaptpm" uid="12266079">
  <nd ref="9805974969"/>
  <nd ref="9805974970"/>
  <tag k="highway" v="residential"/>
  <tag k="source" v="maxar"/>
 </way>
 <way id="1068162123" visible="true" version="3" changeset="145243953" timestamp="2023-12-18T09:42:24Z" user="ompatekar" uid="16275581">
  <nd ref="9805974973"/>
  <nd ref="9805974972"/>
  <nd ref="11428455527"/>
  <tag k="highway" v="residential"/>
  <tag k="source" v="maxar"/>
 </way>
 <way id="1068162125" visible="true" version="3" changeset="145247868" timestamp="2023-12-18T11:44:51Z" user="ompatekar" uid="16275581">
  <nd ref="9805974978"/>
  <nd ref="9805974979"/>
  <nd ref="9805974974"/>
  <nd ref="9805974975"/>
  <nd ref="9805974976"/>
  <tag k="highway" v="residential"/>
  <tag k="source" v="maxar"/>
 </way>
 <way id="1068162130" visible="true" version="2" changeset="122633079" timestamp="2022-06-20T17:17:14Z" user="ratrun" uid="474183">
  <nd ref="9805974986"/>
  <nd ref="9805974988"/>
  <nd ref="9805974989"/>
  <tag k="highway" v="residential"/>
  <tag k="source" v="maxar"/>
 </way>
 <way id="1068168716" visible="true" version="1" changeset="122158240" timestamp="2022-06-09T10:32:22Z" user="Kavithaptpm" uid="12266079">
  <nd ref="9805974957"/>
  <nd ref="9805974920"/>
  <tag k="highway" v="residential"/>
  <tag k="source" v="maxar"/>
 </way>
 <way id="1071679508" visible="true" version="1" changeset="122633079" timestamp="2022-06-20T17:17:14Z" user="ratrun" uid="474183">
  <nd ref="9805974991"/>
  <nd ref="9805974992"/>
  <tag k="highway" v="residential"/>
  <tag k="source" v="maxar"/>
 </way>
 <way id="1524824304" visible="true" version="1" changeset="183432174" timestamp="2026-05-31T08:48:12Z" user="Smita Wankhede" uid="20977783">
  <nd ref="13898326437"/>
  <nd ref="13898326438"/>
  <nd ref="13898326439"/>
  <nd ref="13898326440"/>
  <nd ref="13898326437"/>
  <tag k="building" v="house"/>
 </way>
 <way id="1524824305" visible="true" version="1" changeset="183432174" timestamp="2026-05-31T08:48:12Z" user="Smita Wankhede" uid="20977783">
  <nd ref="13898326441"/>
  <nd ref="13898326442"/>
  <nd ref="13898326443"/>
  <nd ref="13898326444"/>
  <nd ref="13898326441"/>
  <tag k="building" v="house"/>
 </way>
 <way id="1524824306" visible="true" version="1" changeset="183432174" timestamp="2026-05-31T08:48:12Z" user="Smita Wankhede" uid="20977783">
  <nd ref="13898326445"/>
  <nd ref="13898326446"/>
  <nd ref="13898326447"/>
  <nd ref="13898326448"/>
  <nd ref="13898326445"/>
  <tag k="building" v="house"/>
 </way>
 <way id="1524824308" visible="true" version="1" changeset="183432174" timestamp="2026-05-31T08:48:12Z" user="Smita Wankhede" uid="20977783">
  <nd ref="13898326453"/>
  <nd ref="13898326454"/>
  <nd ref="13898326455"/>
  <nd ref="13898326456"/>
  <nd ref="13898326453"/>
  <tag k="building" v="house"/>
 </way>
 <way id="1524824309" visible="true" version="1" changeset="183432174" timestamp="2026-05-31T08:48:12Z" user="Smita Wankhede" uid="20977783">
  <nd ref="13898326457"/>
  <nd ref="13898326458"/>
  <nd ref="13898326459"/>
  <nd ref="13898326460"/>
  <nd ref="13898326457"/>
  <tag k="building" v="house"/>
 </way>
 <way id="1524824310" visible="true" version="1" changeset="183432174" timestamp="2026-05-31T08:48:12Z" user="Smita Wankhede" uid="20977783">
  <nd ref="13898326461"/>
  <nd ref="13898326462"/>
  <nd ref="13898326463"/>
  <nd ref="13898326464"/>
  <nd ref="13898326461"/>
  <tag k="building" v="house"/>
 </way>
 <way id="1524824311" visible="true" version="1" changeset="183432174" timestamp="2026-05-31T08:48:12Z" user="Smita Wankhede" uid="20977783">
  <nd ref="13898326465"/>
  <nd ref="13898326466"/>
  <nd ref="13898326467"/>
  <nd ref="13898326468"/>
  <nd ref="13898326465"/>
  <tag k="building" v="house"/>
 </way>
 <way id="1524824327" visible="true" version="1" changeset="183432174" timestamp="2026-05-31T08:48:12Z" user="Smita Wankhede" uid="20977783">
  <nd ref="13898326529"/>
  <nd ref="13898326530"/>
  <nd ref="13898326531"/>
  <nd ref="13898326532"/>
  <nd ref="13898326529"/>
  <tag k="building" v="house"/>
 </way>
 <way id="1524824328" visible="true" version="1" changeset="183432174" timestamp="2026-05-31T08:48:12Z" user="Smita Wankhede" uid="20977783">
  <nd ref="13898326533"/>
  <nd ref="13898326534"/>
  <nd ref="13898326535"/>
  <nd ref="13898326536"/>
  <nd ref="13898326533"/>
  <tag k="building" v="house"/>
 </way>
 <way id="1524824329" visible="true" version="1" changeset="183432174" timestamp="2026-05-31T08:48:12Z" user="Smita Wankhede" uid="20977783">
  <nd ref="13898326537"/>
  <nd ref="13898326538"/>
  <nd ref="13898326539"/>
  <nd ref="13898326540"/>
  <nd ref="13898326537"/>
  <tag k="building" v="house"/>
 </way>
 <way id="1524824330" visible="true" version="1" changeset="183432174" timestamp="2026-05-31T08:48:12Z" user="Smita Wankhede" uid="20977783">
  <nd ref="13898326541"/>
  <nd ref="13898326542"/>
  <nd ref="13898326543"/>
  <nd ref="13898326544"/>
  <nd ref="13898326541"/>
  <tag k="building" v="house"/>
 </way>
 <way id="1524824331" visible="true" version="1" changeset="183432174" timestamp="2026-05-31T08:48:12Z" user="Smita Wankhede" uid="20977783">
  <nd ref="13898326545"/>
  <nd ref="13898326546"/>
  <nd ref="13898326547"/>
  <nd ref="13898326548"/>
  <nd ref="13898326545"/>
  <tag k="building" v="house"/>
 </way>
 <way id="1524824332" visible="true" version="1" changeset="183432174" timestamp="2026-05-31T08:48:12Z" user="Smita Wankhede" uid="20977783">
  <nd ref="13898326549"/>
  <nd ref="13898326550"/>
  <nd ref="13898326551"/>
  <nd ref="13898326552"/>
  <nd ref="13898326549"/>
  <tag k="building" v="house"/>
 </way>
 <way id="1524824333" visible="true" version="1" changeset="183432174" timestamp="2026-05-31T08:48:12Z" user="Smita Wankhede" uid="20977783">
  <nd ref="13898326553"/>
  <nd ref="13898326554"/>
  <nd ref="13898326555"/>
  <nd ref="13898326556"/>
  <nd ref="13898326553"/>
  <tag k="building" v="house"/>
 </way>
 <way id="1524824334" visible="true" version="1" changeset="183432174" timestamp="2026-05-31T08:48:12Z" user="Smita Wankhede" uid="20977783">
  <nd ref="13898326557"/>
  <nd ref="13898326558"/>
  <nd ref="13898326559"/>
  <nd ref="13898326560"/>
  <nd ref="13898326557"/>
  <tag k="building" v="house"/>
 </way>
 <way id="1524824335" visible="true" version="1" changeset="183432174" timestamp="2026-05-31T08:48:12Z" user="Smita Wankhede" uid="20977783">
  <nd ref="13898326561"/>
  <nd ref="13898326562"/>
  <nd ref="13898326563"/>
  <nd ref="13898326564"/>
  <nd ref="13898326561"/>
  <tag k="building" v="house"/>
 </way>
 <way id="1524824336" visible="true" version="1" changeset="183432174" timestamp="2026-05-31T08:48:12Z" user="Smita Wankhede" uid="20977783">
  <nd ref="13898326565"/>
  <nd ref="13898326566"/>
  <nd ref="13898326567"/>
  <nd ref="13898326568"/>
  <nd ref="13898326565"/>
  <tag k="building" v="house"/>
 </way>
 <way id="1524824337" visible="true" version="1" changeset="183432174" timestamp="2026-05-31T08:48:12Z" user="Smita Wankhede" uid="20977783">
  <nd ref="13898326569"/>
  <nd ref="13898326570"/>
  <nd ref="13898326571"/>
  <nd ref="13898326572"/>
  <nd ref="13898326569"/>
  <tag k="building" v="house"/>
 </way>
 <way id="1524826499" visible="true" version="1" changeset="183432893" timestamp="2026-05-31T09:07:19Z" user="Smita Wankhede" uid="20977783">
  <nd ref="13898293379"/>
  <nd ref="13898293380"/>
  <nd ref="13898293381"/>
  <nd ref="13898293382"/>
  <nd ref="13898293379"/>
  <tag k="building" v="house"/>
 </way>
 <way id="1524826500" visible="true" version="1" changeset="183432893" timestamp="2026-05-31T09:07:19Z" user="Smita Wankhede" uid="20977783">
  <nd ref="13898293383"/>
  <nd ref="13898293384"/>
  <nd ref="13898293385"/>
  <nd ref="13898293386"/>
  <nd ref="13898293383"/>
  <tag k="building" v="house"/>
 </way>
 <way id="1524826501" visible="true" version="1" changeset="183432893" timestamp="2026-05-31T09:07:19Z" user="Smita Wankhede" uid="20977783">
  <nd ref="13898293387"/>
  <nd ref="13898293388"/>
  <nd ref="13898293389"/>
  <nd ref="13898293390"/>
  <nd ref="13898293387"/>
  <tag k="building" v="house"/>
 </way>
 <way id="1524826502" visible="true" version="1" changeset="183432893" timestamp="2026-05-31T09:07:19Z" user="Smita Wankhede" uid="20977783">
  <nd ref="13898293391"/>
  <nd ref="13898293392"/>
  <nd ref="13898293393"/>
  <nd ref="13898293394"/>
  <nd ref="13898293391"/>
  <tag k="building" v="house"/>
 </way>
 <way id="1524826503" visible="true" version="1" changeset="183432893" timestamp="2026-05-31T09:07:19Z" user="Smita Wankhede" uid="20977783">
  <nd ref="13898293395"/>
  <nd ref="13898293396"/>
  <nd ref="13898293397"/>
  <nd ref="13898293398"/>
  <nd ref="13898293395"/>
  <tag k="building" v="house"/>
 </way>
 <way id="1524826504" visible="true" version="1" changeset="183432893" timestamp="2026-05-31T09:07:19Z" user="Smita Wankhede" uid="20977783">
  <nd ref="13898293399"/>
  <nd ref="13898293400"/>
  <nd ref="13898344301"/>
  <nd ref="13898344302"/>
  <nd ref="13898293399"/>
  <tag k="building" v="house"/>
 </way>
 <way id="1524826505" visible="true" version="1" changeset="183432893" timestamp="2026-05-31T09:07:19Z" user="Smita Wankhede" uid="20977783">
  <nd ref="13898344303"/>
  <nd ref="13898344304"/>
  <nd ref="13898344305"/>
  <nd ref="13898344306"/>
  <nd ref="13898344303"/>
  <tag k="building" v="house"/>
 </way>
 <way id="1524826506" visible="true" version="1" changeset="183432893" timestamp="2026-05-31T09:07:19Z" user="Smita Wankhede" uid="20977783">
  <nd ref="13898344307"/>
  <nd ref="13898344308"/>
  <nd ref="13898344309"/>
  <nd ref="13898344310"/>
  <nd ref="13898344307"/>
  <tag k="building" v="house"/>
 </way>
 <way id="1524826507" visible="true" version="1" changeset="183432893" timestamp="2026-05-31T09:07:19Z" user="Smita Wankhede" uid="20977783">
  <nd ref="13898344311"/>
  <nd ref="13898344312"/>
  <nd ref="13898344313"/>
  <nd ref="13898344314"/>
  <nd ref="13898344311"/>
  <tag k="building" v="house"/>
 </way>
 <way id="1524826508" visible="true" version="1" changeset="183432893" timestamp="2026-05-31T09:07:19Z" user="Smita Wankhede" uid="20977783">
  <nd ref="13898344315"/>
  <nd ref="13898344316"/>
  <nd ref="13898344317"/>
  <nd ref="13898344318"/>
  <nd ref="13898344315"/>
  <tag k="building" v="house"/>
 </way>
 <way id="1524826509" visible="true" version="1" changeset="183432893" timestamp="2026-05-31T09:07:19Z" user="Smita Wankhede" uid="20977783">
  <nd ref="13898344319"/>
  <nd ref="13898344320"/>
  <nd ref="13898344321"/>
  <nd ref="13898344322"/>
  <nd ref="13898344319"/>
  <tag k="building" v="house"/>
 </way>
 <way id="1524826510" visible="true" version="1" changeset="183432893" timestamp="2026-05-31T09:07:19Z" user="Smita Wankhede" uid="20977783">
  <nd ref="13898344323"/>
  <nd ref="13898344324"/>
  <nd ref="13898344325"/>
  <nd ref="13898344326"/>
  <nd ref="13898344323"/>
  <tag k="building" v="house"/>
 </way>
 <way id="1524826511" visible="true" version="1" changeset="183432893" timestamp="2026-05-31T09:07:19Z" user="Smita Wankhede" uid="20977783">
  <nd ref="13898344327"/>
  <nd ref="13898344328"/>
  <nd ref="13898344329"/>
  <nd ref="13898344330"/>
  <nd ref="13898344327"/>
  <tag k="building" v="house"/>
 </way>
 <way id="1524826512" visible="true" version="1" changeset="183432893" timestamp="2026-05-31T09:07:19Z" user="Smita Wankhede" uid="20977783">
  <nd ref="13898344331"/>
  <nd ref="13898344332"/>
  <nd ref="13898344333"/>
  <nd ref="13898344334"/>
  <nd ref="13898344331"/>
  <tag k="building" v="house"/>
 </way>
 <way id="1524826524" visible="true" version="1" changeset="183432893" timestamp="2026-05-31T09:07:19Z" user="Smita Wankhede" uid="20977783">
  <nd ref="13898344379"/>
  <nd ref="13898344380"/>
  <nd ref="13898344381"/>
  <nd ref="13898344382"/>
  <nd ref="13898344379"/>
  <tag k="building" v="house"/>
 </way>
 <way id="1524826525" visible="true" version="1" changeset="183432893" timestamp="2026-05-31T09:07:19Z" user="Smita Wankhede" uid="20977783">
  <nd ref="13898344383"/>
  <nd ref="13898344384"/>
  <nd ref="13898344385"/>
  <nd ref="13898344386"/>
  <nd ref="13898344383"/>
  <tag k="building" v="house"/>
 </way>
 <way id="1524826526" visible="true" version="1" changeset="183432893" timestamp="2026-05-31T09:07:19Z" user="Smita Wankhede" uid="20977783">
  <nd ref="13898344387"/>
  <nd ref="13898344388"/>
  <nd ref="13898344389"/>
  <nd ref="13898344390"/>
  <nd ref="13898344387"/>
  <tag k="building" v="house"/>
 </way>
 <way id="1524826527" visible="true" version="1" changeset="183432893" timestamp="2026-05-31T09:07:19Z" user="Smita Wankhede" uid="20977783">
  <nd ref="13898344391"/>
  <nd ref="13898344392"/>
  <nd ref="13898344393"/>
  <nd ref="13898344394"/>
  <nd ref="13898344391"/>
  <tag k="building" v="house"/>
 </way>
 <way id="1524826528" visible="true" version="1" changeset="183432893" timestamp="2026-05-31T09:07:19Z" user="Smita Wankhede" uid="20977783">
  <nd ref="13898344395"/>
  <nd ref="13898344396"/>
  <nd ref="13898344397"/>
  <nd ref="13898344398"/>
  <nd ref="13898344395"/>
  <tag k="building" v="house"/>
 </way>
 <way id="1524826529" visible="true" version="1" changeset="183432893" timestamp="2026-05-31T09:07:19Z" user="Smita Wankhede" uid="20977783">
  <nd ref="13898344399"/>
  <nd ref="13898344400"/>
  <nd ref="13898344401"/>
  <nd ref="13898344402"/>
  <nd ref="13898344399"/>
  <tag k="building" v="house"/>
 </way>
 <way id="1524826530" visible="true" version="1" changeset="183432893" timestamp="2026-05-31T09:07:19Z" user="Smita Wankhede" uid="20977783">
  <nd ref="13898344403"/>
  <nd ref="13898344404"/>
  <nd ref="13898344405"/>
  <nd ref="13898344406"/>
  <nd ref="13898344403"/>
  <tag k="building" v="house"/>
 </way>
 <way id="1524826531" visible="true" version="1" changeset="183432893" timestamp="2026-05-31T09:07:19Z" user="Smita Wankhede" uid="20977783">
  <nd ref="13898344407"/>
  <nd ref="13898344408"/>
  <nd ref="13898344409"/>
  <nd ref="13898344410"/>
  <nd ref="13898344407"/>
  <tag k="building" v="house"/>
 </way>
 <way id="1524826532" visible="true" version="1" changeset="183432893" timestamp="2026-05-31T09:07:19Z" user="Smita Wankhede" uid="20977783">
  <nd ref="13898344411"/>
  <nd ref="13898344412"/>
  <nd ref="13898344413"/>
  <nd ref="13898344414"/>
  <nd ref="13898344411"/>
  <tag k="building" v="house"/>
 </way>
 <way id="1524826533" visible="true" version="1" changeset="183432893" timestamp="2026-05-31T09:07:19Z" user="Smita Wankhede" uid="20977783">
  <nd ref="13898344415"/>
  <nd ref="13898344416"/>
  <nd ref="13898344417"/>
  <nd ref="13898344418"/>
  <nd ref="13898344415"/>
  <tag k="building" v="house"/>
 </way>
 <way id="1524826534" visible="true" version="1" changeset="183432893" timestamp="2026-05-31T09:07:19Z" user="Smita Wankhede" uid="20977783">
  <nd ref="13898344419"/>
  <nd ref="13898344420"/>
  <nd ref="13898344421"/>
  <nd ref="13898344422"/>
  <nd ref="13898344419"/>
  <tag k="building" v="house"/>
 </way>
 <way id="1524826535" visible="true" version="1" changeset="183432893" timestamp="2026-05-31T09:07:19Z" user="Smita Wankhede" uid="20977783">
  <nd ref="13898344423"/>
  <nd ref="13898344424"/>
  <nd ref="13898344425"/>
  <nd ref="13898344426"/>
  <nd ref="13898344423"/>
  <tag k="building" v="house"/>
 </way>
 <way id="1524826536" visible="true" version="1" changeset="183432893" timestamp="2026-05-31T09:07:19Z" user="Smita Wankhede" uid="20977783">
  <nd ref="13898344427"/>
  <nd ref="13898344428"/>
  <nd ref="13898344429"/>
  <nd ref="13898344430"/>
  <nd ref="13898344427"/>
  <tag k="building" v="house"/>
 </way>
 <way id="1524826537" visible="true" version="1" changeset="183432893" timestamp="2026-05-31T09:07:19Z" user="Smita Wankhede" uid="20977783">
  <nd ref="13898344431"/>
  <nd ref="13898344432"/>
  <nd ref="13898344433"/>
  <nd ref="13898344434"/>
  <nd ref="13898344431"/>
  <tag k="building" v="house"/>
 </way>
 <way id="1524826538" visible="true" version="1" changeset="183432893" timestamp="2026-05-31T09:07:19Z" user="Smita Wankhede" uid="20977783">
  <nd ref="13898344435"/>
  <nd ref="13898344436"/>
  <nd ref="13898344437"/>
  <nd ref="13898344438"/>
  <nd ref="13898344435"/>
  <tag k="building" v="house"/>
 </way>
 <way id="1524826539" visible="true" version="1" changeset="183432893" timestamp="2026-05-31T09:07:19Z" user="Smita Wankhede" uid="20977783">
  <nd ref="13898344439"/>
  <nd ref="13898344440"/>
  <nd ref="13898344441"/>
  <nd ref="13898344442"/>
  <nd ref="13898344439"/>
  <tag k="building" v="house"/>
 </way>
 <way id="1524826540" visible="true" version="1" changeset="183432893" timestamp="2026-05-31T09:07:19Z" user="Smita Wankhede" uid="20977783">
  <nd ref="13898344443"/>
  <nd ref="13898344444"/>
  <nd ref="13898344445"/>
  <nd ref="13898344446"/>
  <nd ref="13898344443"/>
  <tag k="building" v="house"/>
 </way>
 <way id="1524826541" visible="true" version="1" changeset="183432893" timestamp="2026-05-31T09:07:19Z" user="Smita Wankhede" uid="20977783">
  <nd ref="13898344447"/>
  <nd ref="13898344448"/>
  <nd ref="13898344449"/>
  <nd ref="13898344450"/>
  <nd ref="13898344447"/>
  <tag k="building" v="house"/>
 </way>
 <way id="1524826542" visible="true" version="1" changeset="183432893" timestamp="2026-05-31T09:07:19Z" user="Smita Wankhede" uid="20977783">
  <nd ref="13898344451"/>
  <nd ref="13898344452"/>
  <nd ref="13898344453"/>
  <nd ref="13898344454"/>
  <nd ref="13898344451"/>
  <tag k="building" v="house"/>
 </way>
 <way id="1524826543" visible="true" version="1" changeset="183432893" timestamp="2026-05-31T09:07:19Z" user="Smita Wankhede" uid="20977783">
  <nd ref="13898344455"/>
  <nd ref="13898344456"/>
  <nd ref="13898344457"/>
  <nd ref="13898344458"/>
  <nd ref="13898344455"/>
  <tag k="building" v="house"/>
 </way>
 <way id="1524826544" visible="true" version="1" changeset="183432893" timestamp="2026-05-31T09:07:19Z" user="Smita Wankhede" uid="20977783">
  <nd ref="13898344459"/>
  <nd ref="13898344460"/>
  <nd ref="13898344461"/>
  <nd ref="13898344462"/>
  <nd ref="13898344459"/>
  <tag k="building" v="house"/>
 </way>
 <way id="1524826545" visible="true" version="1" changeset="183432893" timestamp="2026-05-31T09:07:19Z" user="Smita Wankhede" uid="20977783">
  <nd ref="13898344463"/>
  <nd ref="13898344464"/>
  <nd ref="13898344465"/>
  <nd ref="13898344466"/>
  <nd ref="13898344463"/>
  <tag k="building" v="house"/>
 </way>
 <way id="1524826546" visible="true" version="1" changeset="183432893" timestamp="2026-05-31T09:07:19Z" user="Smita Wankhede" uid="20977783">
  <nd ref="13898344467"/>
  <nd ref="13898344468"/>
  <nd ref="13898344469"/>
  <nd ref="13898344470"/>
  <nd ref="13898344467"/>
  <tag k="building" v="house"/>
 </way>
 <way id="1524826547" visible="true" version="1" changeset="183432893" timestamp="2026-05-31T09:07:19Z" user="Smita Wankhede" uid="20977783">
  <nd ref="13898344471"/>
  <nd ref="13898344472"/>
  <nd ref="13898344473"/>
  <nd ref="13898344474"/>
  <nd ref="13898344471"/>
  <tag k="building" v="house"/>
 </way>
 <way id="1524826548" visible="true" version="1" changeset="183432893" timestamp="2026-05-31T09:07:19Z" user="Smita Wankhede" uid="20977783">
  <nd ref="13898344475"/>
  <nd ref="13898344476"/>
  <nd ref="13898344477"/>
  <nd ref="13898344478"/>
  <nd ref="13898344475"/>
  <tag k="building" v="house"/>
 </way>
 <way id="1524826549" visible="true" version="1" changeset="183432893" timestamp="2026-05-31T09:07:19Z" user="Smita Wankhede" uid="20977783">
  <nd ref="13898344479"/>
  <nd ref="13898344480"/>
  <nd ref="13898344481"/>
  <nd ref="13898344482"/>
  <nd ref="13898344479"/>
  <tag k="building" v="house"/>
 </way>
 <way id="1524826550" visible="true" version="1" changeset="183432893" timestamp="2026-05-31T09:07:19Z" user="Smita Wankhede" uid="20977783">
  <nd ref="13898344483"/>
  <nd ref="13898344484"/>
  <nd ref="13898344485"/>
  <nd ref="13898344486"/>
  <nd ref="13898344483"/>
  <tag k="building" v="house"/>
 </way>
 <way id="1524826551" visible="true" version="1" changeset="183432893" timestamp="2026-05-31T09:07:19Z" user="Smita Wankhede" uid="20977783">
  <nd ref="13898344487"/>
  <nd ref="13898344488"/>
  <nd ref="13898344489"/>
  <nd ref="13898344490"/>
  <nd ref="13898344487"/>
  <tag k="building" v="house"/>
 </way>
 <way id="1524826552" visible="true" version="1" changeset="183432893" timestamp="2026-05-31T09:07:19Z" user="Smita Wankhede" uid="20977783">
  <nd ref="13898344491"/>
  <nd ref="13898344492"/>
  <nd ref="13898344493"/>
  <nd ref="13898344494"/>
  <nd ref="13898344491"/>
  <tag k="building" v="house"/>
 </way>
 <way id="1524826553" visible="true" version="1" changeset="183432893" timestamp="2026-05-31T09:07:19Z" user="Smita Wankhede" uid="20977783">
  <nd ref="13898344495"/>
  <nd ref="13898344496"/>
  <nd ref="13898344497"/>
  <nd ref="13898344498"/>
  <nd ref="13898344495"/>
  <tag k="building" v="house"/>
 </way>
 <way id="1524826554" visible="true" version="1" changeset="183432893" timestamp="2026-05-31T09:07:19Z" user="Smita Wankhede" uid="20977783">
  <nd ref="13898344499"/>
  <nd ref="13898344500"/>
  <nd ref="13898344501"/>
  <nd ref="13898344502"/>
  <nd ref="13898344499"/>
  <tag k="building" v="house"/>
 </way>
 <way id="1524826555" visible="true" version="1" changeset="183432893" timestamp="2026-05-31T09:07:19Z" user="Smita Wankhede" uid="20977783">
  <nd ref="13898344503"/>
  <nd ref="13898344504"/>
  <nd ref="13898344505"/>
  <nd ref="13898344506"/>
  <nd ref="13898344503"/>
  <tag k="building" v="house"/>
 </way>
 <way id="1524826557" visible="true" version="1" changeset="183432893" timestamp="2026-05-31T09:07:19Z" user="Smita Wankhede" uid="20977783">
  <nd ref="13898344511"/>
  <nd ref="13898344512"/>
  <nd ref="13898344513"/>
  <nd ref="13898344514"/>
  <nd ref="13898344511"/>
  <tag k="building" v="house"/>
 </way>
 <way id="1524826558" visible="true" version="1" changeset="183432893" timestamp="2026-05-31T09:07:19Z" user="Smita Wankhede" uid="20977783">
  <nd ref="13898344515"/>
  <nd ref="13898344516"/>
  <nd ref="13898344517"/>
  <nd ref="13898344518"/>
  <nd ref="13898344515"/>
  <tag k="building" v="house"/>
 </way>
 <way id="1524826607" visible="true" version="1" changeset="183432893" timestamp="2026-05-31T09:07:19Z" user="Smita Wankhede" uid="20977783">
  <nd ref="13898344711"/>
  <nd ref="13898344712"/>
  <nd ref="13898344713"/>
  <nd ref="13898344714"/>
  <nd ref="13898344711"/>
  <tag k="building" v="house"/>
 </way>
 <way id="1524826608" visible="true" version="1" changeset="183432893" timestamp="2026-05-31T09:07:19Z" user="Smita Wankhede" uid="20977783">
  <nd ref="13898344715"/>
  <nd ref="13898344716"/>
  <nd ref="13898344717"/>
  <nd ref="13898344718"/>
  <nd ref="13898344715"/>
  <tag k="building" v="house"/>
 </way>
 <way id="1524826609" visible="true" version="1" changeset="183432893" timestamp="2026-05-31T09:07:19Z" user="Smita Wankhede" uid="20977783">
  <nd ref="13898344719"/>
  <nd ref="13898344720"/>
  <nd ref="13898344721"/>
  <nd ref="13898344722"/>
  <nd ref="13898344719"/>
  <tag k="building" v="house"/>
 </way>
 <way id="1524826610" visible="true" version="1" changeset="183432893" timestamp="2026-05-31T09:07:19Z" user="Smita Wankhede" uid="20977783">
  <nd ref="13898344723"/>
  <nd ref="13898344724"/>
  <nd ref="13898344725"/>
  <nd ref="13898344726"/>
  <nd ref="13898344723"/>
  <tag k="building" v="house"/>
 </way>
 <way id="1524826611" visible="true" version="1" changeset="183432893" timestamp="2026-05-31T09:07:19Z" user="Smita Wankhede" uid="20977783">
  <nd ref="13898344727"/>
  <nd ref="13898344728"/>
  <nd ref="13898344729"/>
  <nd ref="13898344730"/>
  <nd ref="13898344727"/>
  <tag k="building" v="house"/>
 </way>
 <way id="1524826612" visible="true" version="1" changeset="183432893" timestamp="2026-05-31T09:07:19Z" user="Smita Wankhede" uid="20977783">
  <nd ref="13898344731"/>
  <nd ref="13898344732"/>
  <nd ref="13898344733"/>
  <nd ref="13898344734"/>
  <nd ref="13898344731"/>
  <tag k="building" v="house"/>
 </way>
 <way id="1524826613" visible="true" version="1" changeset="183432893" timestamp="2026-05-31T09:07:19Z" user="Smita Wankhede" uid="20977783">
  <nd ref="13898344735"/>
  <nd ref="13898344736"/>
  <nd ref="13898344737"/>
  <nd ref="13898344738"/>
  <nd ref="13898344735"/>
  <tag k="building" v="house"/>
 </way>
 <way id="1524826614" visible="true" version="1" changeset="183432893" timestamp="2026-05-31T09:07:19Z" user="Smita Wankhede" uid="20977783">
  <nd ref="13898344739"/>
  <nd ref="13898344740"/>
  <nd ref="13898344741"/>
  <nd ref="13898344742"/>
  <nd ref="13898344739"/>
  <tag k="building" v="house"/>
 </way>
 <way id="1524826615" visible="true" version="1" changeset="183432893" timestamp="2026-05-31T09:07:19Z" user="Smita Wankhede" uid="20977783">
  <nd ref="13898344743"/>
  <nd ref="13898344744"/>
  <nd ref="13898344745"/>
  <nd ref="13898344746"/>
  <nd ref="13898344743"/>
  <tag k="building" v="house"/>
 </way>
 <way id="1524826616" visible="true" version="1" changeset="183432893" timestamp="2026-05-31T09:07:19Z" user="Smita Wankhede" uid="20977783">
  <nd ref="13898344747"/>
  <nd ref="13898344748"/>
  <nd ref="13898344749"/>
  <nd ref="13898344750"/>
  <nd ref="13898344747"/>
  <tag k="building" v="house"/>
 </way>
 <way id="1524826617" visible="true" version="1" changeset="183432893" timestamp="2026-05-31T09:07:19Z" user="Smita Wankhede" uid="20977783">
  <nd ref="13898344751"/>
  <nd ref="13898344752"/>
  <nd ref="13898344753"/>
  <nd ref="13898344754"/>
  <nd ref="13898344751"/>
  <tag k="building" v="house"/>
 </way>
 <way id="1524826618" visible="true" version="1" changeset="183432893" timestamp="2026-05-31T09:07:19Z" user="Smita Wankhede" uid="20977783">
  <nd ref="13898344755"/>
  <nd ref="13898344756"/>
  <nd ref="13898344757"/>
  <nd ref="13898344758"/>
  <nd ref="13898344755"/>
  <tag k="building" v="house"/>
 </way>
 <way id="1524826619" visible="true" version="1" changeset="183432893" timestamp="2026-05-31T09:07:19Z" user="Smita Wankhede" uid="20977783">
  <nd ref="13898344759"/>
  <nd ref="13898344760"/>
  <nd ref="13898344761"/>
  <nd ref="13898344762"/>
  <nd ref="13898344759"/>
  <tag k="building" v="house"/>
 </way>
 <way id="1524826620" visible="true" version="1" changeset="183432893" timestamp="2026-05-31T09:07:19Z" user="Smita Wankhede" uid="20977783">
  <nd ref="13898344763"/>
  <nd ref="13898344764"/>
  <nd ref="13898344765"/>
  <nd ref="13898344766"/>
  <nd ref="13898344763"/>
  <tag k="building" v="house"/>
 </way>
 <way id="1524826621" visible="true" version="1" changeset="183432893" timestamp="2026-05-31T09:07:19Z" user="Smita Wankhede" uid="20977783">
  <nd ref="13898344767"/>
  <nd ref="13898344768"/>
  <nd ref="13898344769"/>
  <nd ref="13898344770"/>
  <nd ref="13898344767"/>
  <tag k="building" v="house"/>
 </way>
 <way id="1524826622" visible="true" version="1" changeset="183432893" timestamp="2026-05-31T09:07:19Z" user="Smita Wankhede" uid="20977783">
  <nd ref="13898344771"/>
  <nd ref="13898344772"/>
  <nd ref="13898344773"/>
  <nd ref="13898344774"/>
  <nd ref="13898344771"/>
  <tag k="building" v="house"/>
 </way>
 <way id="1524826623" visible="true" version="1" changeset="183432893" timestamp="2026-05-31T09:07:19Z" user="Smita Wankhede" uid="20977783">
  <nd ref="13898344775"/>
  <nd ref="13898344776"/>
  <nd ref="13898344777"/>
  <nd ref="13898344778"/>
  <nd ref="13898344775"/>
  <tag k="building" v="house"/>
 </way>
 <way id="1524826624" visible="true" version="1" changeset="183432893" timestamp="2026-05-31T09:07:19Z" user="Smita Wankhede" uid="20977783">
  <nd ref="13898344779"/>
  <nd ref="13898344780"/>
  <nd ref="13898344781"/>
  <nd ref="13898344782"/>
  <nd ref="13898344779"/>
  <tag k="building" v="house"/>
 </way>
 <way id="1524826625" visible="true" version="1" changeset="183432893" timestamp="2026-05-31T09:07:19Z" user="Smita Wankhede" uid="20977783">
  <nd ref="13898344783"/>
  <nd ref="13898344784"/>
  <nd ref="13898344785"/>
  <nd ref="13898344786"/>
  <nd ref="13898344783"/>
  <tag k="building" v="house"/>
 </way>
 <way id="1524826626" visible="true" version="1" changeset="183432893" timestamp="2026-05-31T09:07:19Z" user="Smita Wankhede" uid="20977783">
  <nd ref="13898344787"/>
  <nd ref="13898344788"/>
  <nd ref="13898344789"/>
  <nd ref="13898344790"/>
  <nd ref="13898344787"/>
  <tag k="building" v="house"/>
 </way>
 <way id="1524826627" visible="true" version="1" changeset="183432893" timestamp="2026-05-31T09:07:19Z" user="Smita Wankhede" uid="20977783">
  <nd ref="13898344791"/>
  <nd ref="13898344792"/>
  <nd ref="13898344793"/>
  <nd ref="13898344794"/>
  <nd ref="13898344791"/>
  <tag k="building" v="house"/>
 </way>
 <way id="1524826628" visible="true" version="1" changeset="183432893" timestamp="2026-05-31T09:07:19Z" user="Smita Wankhede" uid="20977783">
  <nd ref="13898344795"/>
  <nd ref="13898344796"/>
  <nd ref="13898344797"/>
  <nd ref="13898344798"/>
  <nd ref="13898344795"/>
  <tag k="building" v="house"/>
 </way>
 <way id="1524826629" visible="true" version="1" changeset="183432893" timestamp="2026-05-31T09:07:19Z" user="Smita Wankhede" uid="20977783">
  <nd ref="13898344799"/>
  <nd ref="13898344800"/>
  <nd ref="13898344801"/>
  <nd ref="13898344802"/>
  <nd ref="13898344799"/>
  <tag k="building" v="house"/>
 </way>
 <way id="1524826630" visible="true" version="1" changeset="183432893" timestamp="2026-05-31T09:07:19Z" user="Smita Wankhede" uid="20977783">
  <nd ref="13898344803"/>
  <nd ref="13898344804"/>
  <nd ref="13898344805"/>
  <nd ref="13898344806"/>
  <nd ref="13898344803"/>
  <tag k="building" v="house"/>
 </way>
 <way id="1524826631" visible="true" version="1" changeset="183432893" timestamp="2026-05-31T09:07:19Z" user="Smita Wankhede" uid="20977783">
  <nd ref="13898344807"/>
  <nd ref="13898344808"/>
  <nd ref="13898344809"/>
  <nd ref="13898344810"/>
  <nd ref="13898344807"/>
  <tag k="building" v="house"/>
 </way>
 <way id="1524826632" visible="true" version="1" changeset="183432893" timestamp="2026-05-31T09:07:19Z" user="Smita Wankhede" uid="20977783">
  <nd ref="13898344811"/>
  <nd ref="13898344812"/>
  <nd ref="13898344813"/>
  <nd ref="13898344814"/>
  <nd ref="13898344811"/>
  <tag k="building" v="house"/>
 </way>
 <way id="1524826633" visible="true" version="1" changeset="183432893" timestamp="2026-05-31T09:07:19Z" user="Smita Wankhede" uid="20977783">
  <nd ref="13898344815"/>
  <nd ref="13898344816"/>
  <nd ref="13898344817"/>
  <nd ref="13898344818"/>
  <nd ref="13898344815"/>
  <tag k="building" v="house"/>
 </way>
 <way id="1524826634" visible="true" version="1" changeset="183432893" timestamp="2026-05-31T09:07:19Z" user="Smita Wankhede" uid="20977783">
  <nd ref="13898344819"/>
  <nd ref="13898344820"/>
  <nd ref="13898344821"/>
  <nd ref="13898344822"/>
  <nd ref="13898344819"/>
  <tag k="building" v="house"/>
 </way>
 <way id="1524826635" visible="true" version="1" changeset="183432893" timestamp="2026-05-31T09:07:19Z" user="Smita Wankhede" uid="20977783">
  <nd ref="13898344823"/>
  <nd ref="13898344824"/>
  <nd ref="13898344825"/>
  <nd ref="13898344826"/>
  <nd ref="13898344823"/>
  <tag k="building" v="house"/>
 </way>
 <way id="1524826636" visible="true" version="1" changeset="183432893" timestamp="2026-05-31T09:07:19Z" user="Smita Wankhede" uid="20977783">
  <nd ref="13898344827"/>
  <nd ref="13898344828"/>
  <nd ref="13898344829"/>
  <nd ref="13898344830"/>
  <nd ref="13898344827"/>
  <tag k="building" v="house"/>
 </way>
 <way id="1524826637" visible="true" version="1" changeset="183432893" timestamp="2026-05-31T09:07:19Z" user="Smita Wankhede" uid="20977783">
  <nd ref="13898344831"/>
  <nd ref="13898344832"/>
  <nd ref="13898344833"/>
  <nd ref="13898344834"/>
  <nd ref="13898344831"/>
  <tag k="building" v="house"/>
 </way>
 <way id="1524826638" visible="true" version="1" changeset="183432893" timestamp="2026-05-31T09:07:19Z" user="Smita Wankhede" uid="20977783">
  <nd ref="13898344835"/>
  <nd ref="13898344836"/>
  <nd ref="13898344837"/>
  <nd ref="13898344838"/>
  <nd ref="13898344835"/>
  <tag k="building" v="house"/>
 </way>
 <way id="1524826639" visible="true" version="1" changeset="183432893" timestamp="2026-05-31T09:07:19Z" user="Smita Wankhede" uid="20977783">
  <nd ref="13898344839"/>
  <nd ref="13898344840"/>
  <nd ref="13898344841"/>
  <nd ref="13898344842"/>
  <nd ref="13898344839"/>
  <tag k="building" v="house"/>
 </way>
 <way id="1524826640" visible="true" version="1" changeset="183432893" timestamp="2026-05-31T09:07:19Z" user="Smita Wankhede" uid="20977783">
  <nd ref="13898344843"/>
  <nd ref="13898344844"/>
  <nd ref="13898344845"/>
  <nd ref="13898344846"/>
  <nd ref="13898344843"/>
  <tag k="building" v="house"/>
 </way>
 <way id="1524826641" visible="true" version="1" changeset="183432893" timestamp="2026-05-31T09:07:19Z" user="Smita Wankhede" uid="20977783">
  <nd ref="13898344847"/>
  <nd ref="13898344848"/>
  <nd ref="13898344849"/>
  <nd ref="13898344850"/>
  <nd ref="13898344847"/>
  <tag k="building" v="house"/>
 </way>
 <way id="1524826642" visible="true" version="1" changeset="183432893" timestamp="2026-05-31T09:07:19Z" user="Smita Wankhede" uid="20977783">
  <nd ref="13898344851"/>
  <nd ref="13898344852"/>
  <nd ref="13898344853"/>
  <nd ref="13898344854"/>
  <nd ref="13898344851"/>
  <tag k="building" v="house"/>
 </way>
 <way id="1524826645" visible="true" version="1" changeset="183432893" timestamp="2026-05-31T09:07:19Z" user="Smita Wankhede" uid="20977783">
  <nd ref="13898344863"/>
  <nd ref="13898344864"/>
  <nd ref="13898344865"/>
  <nd ref="13898344866"/>
  <nd ref="13898344863"/>
  <tag k="building" v="house"/>
 </way>
 <way id="1524826646" visible="true" version="1" changeset="183432893" timestamp="2026-05-31T09:07:19Z" user="Smita Wankhede" uid="20977783">
  <nd ref="13898344867"/>
  <nd ref="13898344868"/>
  <nd ref="13898344869"/>
  <nd ref="13898344870"/>
  <nd ref="13898344867"/>
  <tag k="building" v="house"/>
 </way>
 <way id="1524826647" visible="true" version="1" changeset="183432893" timestamp="2026-05-31T09:07:19Z" user="Smita Wankhede" uid="20977783">
  <nd ref="13898344871"/>
  <nd ref="13898344872"/>
  <nd ref="13898344873"/>
  <nd ref="13898344874"/>
  <nd ref="13898344871"/>
  <tag k="building" v="house"/>
 </way>
 <way id="1524826649" visible="true" version="1" changeset="183432893" timestamp="2026-05-31T09:07:19Z" user="Smita Wankhede" uid="20977783">
  <nd ref="13898344879"/>
  <nd ref="13898344880"/>
  <nd ref="13898344881"/>
  <nd ref="13898344882"/>
  <nd ref="13898344879"/>
  <tag k="building" v="house"/>
 </way>
 <way id="1524826650" visible="true" version="1" changeset="183432893" timestamp="2026-05-31T09:07:19Z" user="Smita Wankhede" uid="20977783">
  <nd ref="13898344883"/>
  <nd ref="13898344884"/>
  <nd ref="13898344885"/>
  <nd ref="13898344886"/>
  <nd ref="13898344883"/>
  <tag k="building" v="house"/>
 </way>
 <way id="1524826651" visible="true" version="1" changeset="183432893" timestamp="2026-05-31T09:07:19Z" user="Smita Wankhede" uid="20977783">
  <nd ref="13898344887"/>
  <nd ref="13898344888"/>
  <nd ref="13898344889"/>
  <nd ref="13898344890"/>
  <nd ref="13898344887"/>
  <tag k="building" v="house"/>
 </way>
 <way id="1524826652" visible="true" version="1" changeset="183432893" timestamp="2026-05-31T09:07:19Z" user="Smita Wankhede" uid="20977783">
  <nd ref="13898344891"/>
  <nd ref="13898344892"/>
  <nd ref="13898344893"/>
  <nd ref="13898344894"/>
  <nd ref="13898344891"/>
  <tag k="building" v="house"/>
 </way>
 <way id="1524826653" visible="true" version="1" changeset="183432893" timestamp="2026-05-31T09:07:19Z" user="Smita Wankhede" uid="20977783">
  <nd ref="13898344895"/>
  <nd ref="13898344896"/>
  <nd ref="13898344897"/>
  <nd ref="13898344898"/>
  <nd ref="13898344895"/>
  <tag k="building" v="house"/>
 </way>
 <way id="1524826654" visible="true" version="1" changeset="183432893" timestamp="2026-05-31T09:07:19Z" user="Smita Wankhede" uid="20977783">
  <nd ref="13898344899"/>
  <nd ref="13898344900"/>
  <nd ref="13898344901"/>
  <nd ref="13898344902"/>
  <nd ref="13898344899"/>
  <tag k="building" v="house"/>
 </way>
 <way id="1524826657" visible="true" version="1" changeset="183432893" timestamp="2026-05-31T09:07:19Z" user="Smita Wankhede" uid="20977783">
  <nd ref="13898344911"/>
  <nd ref="13898344912"/>
  <nd ref="13898344913"/>
  <nd ref="13898344914"/>
  <nd ref="13898344911"/>
  <tag k="building" v="house"/>
 </way>
 <way id="1524826658" visible="true" version="1" changeset="183432893" timestamp="2026-05-31T09:07:19Z" user="Smita Wankhede" uid="20977783">
  <nd ref="13898344915"/>
  <nd ref="13898344916"/>
  <nd ref="13898344917"/>
  <nd ref="13898344918"/>
  <nd ref="13898344915"/>
  <tag k="building" v="house"/>
 </way>
 <way id="1524826659" visible="true" version="1" changeset="183432893" timestamp="2026-05-31T09:07:19Z" user="Smita Wankhede" uid="20977783">
  <nd ref="13898344919"/>
  <nd ref="13898344920"/>
  <nd ref="13898344921"/>
  <nd ref="13898344922"/>
  <nd ref="13898344919"/>
  <tag k="building" v="house"/>
 </way>
 <way id="1524826660" visible="true" version="1" changeset="183432893" timestamp="2026-05-31T09:07:19Z" user="Smita Wankhede" uid="20977783">
  <nd ref="13898344923"/>
  <nd ref="13898344924"/>
  <nd ref="13898344925"/>
  <nd ref="13898344926"/>
  <nd ref="13898344923"/>
  <tag k="building" v="house"/>
 </way>
 <way id="1524826661" visible="true" version="1" changeset="183432893" timestamp="2026-05-31T09:07:19Z" user="Smita Wankhede" uid="20977783">
  <nd ref="13898344927"/>
  <nd ref="13898344928"/>
  <nd ref="13898344929"/>
  <nd ref="13898344930"/>
  <nd ref="13898344927"/>
  <tag k="building" v="house"/>
 </way>
 <way id="1524826662" visible="true" version="1" changeset="183432893" timestamp="2026-05-31T09:07:19Z" user="Smita Wankhede" uid="20977783">
  <nd ref="13898344931"/>
  <nd ref="13898344932"/>
  <nd ref="13898344933"/>
  <nd ref="13898344934"/>
  <nd ref="13898344931"/>
  <tag k="building" v="house"/>
 </way>
 <way id="1524826663" visible="true" version="1" changeset="183432893" timestamp="2026-05-31T09:07:19Z" user="Smita Wankhede" uid="20977783">
  <nd ref="13898344935"/>
  <nd ref="13898344936"/>
  <nd ref="13898344937"/>
  <nd ref="13898344938"/>
  <nd ref="13898344935"/>
  <tag k="building" v="house"/>
 </way>
 <way id="1524826665" visible="true" version="1" changeset="183432893" timestamp="2026-05-31T09:07:19Z" user="Smita Wankhede" uid="20977783">
  <nd ref="13898344943"/>
  <nd ref="13898344944"/>
  <nd ref="13898344945"/>
  <nd ref="13898344946"/>
  <nd ref="13898344943"/>
  <tag k="building" v="house"/>
 </way>
 <way id="1524826667" visible="true" version="1" changeset="183432893" timestamp="2026-05-31T09:07:19Z" user="Smita Wankhede" uid="20977783">
  <nd ref="13898344951"/>
  <nd ref="13898344952"/>
  <nd ref="13898344953"/>
  <nd ref="13898344954"/>
  <nd ref="13898344951"/>
  <tag k="building" v="house"/>
 </way>
 <way id="1524826668" visible="true" version="1" changeset="183432893" timestamp="2026-05-31T09:07:19Z" user="Smita Wankhede" uid="20977783">
  <nd ref="13898344955"/>
  <nd ref="13898344956"/>
  <nd ref="13898344957"/>
  <nd ref="13898344958"/>
  <nd ref="13898344955"/>
  <tag k="building" v="house"/>
 </way>
 <way id="1524826669" visible="true" version="1" changeset="183432893" timestamp="2026-05-31T09:07:19Z" user="Smita Wankhede" uid="20977783">
  <nd ref="13898344959"/>
  <nd ref="13898344960"/>
  <nd ref="13898344961"/>
  <nd ref="13898344962"/>
  <nd ref="13898344959"/>
  <tag k="building" v="house"/>
 </way>
 <way id="1524826670" visible="true" version="1" changeset="183432893" timestamp="2026-05-31T09:07:19Z" user="Smita Wankhede" uid="20977783">
  <nd ref="13898344963"/>
  <nd ref="13898344964"/>
  <nd ref="13898344965"/>
  <nd ref="13898344966"/>
  <nd ref="13898344963"/>
  <tag k="building" v="house"/>
 </way>
 <way id="1524826672" visible="true" version="1" changeset="183432893" timestamp="2026-05-31T09:07:19Z" user="Smita Wankhede" uid="20977783">
  <nd ref="13898344971"/>
  <nd ref="13898344972"/>
  <nd ref="13898344973"/>
  <nd ref="13898344974"/>
  <nd ref="13898344971"/>
  <tag k="building" v="house"/>
 </way>
 <way id="1524826673" visible="true" version="1" changeset="183432893" timestamp="2026-05-31T09:07:19Z" user="Smita Wankhede" uid="20977783">
  <nd ref="13898344975"/>
  <nd ref="13898344976"/>
  <nd ref="13898344977"/>
  <nd ref="13898344978"/>
  <nd ref="13898344975"/>
  <tag k="building" v="house"/>
 </way>
 <way id="1524826674" visible="true" version="1" changeset="183432893" timestamp="2026-05-31T09:07:19Z" user="Smita Wankhede" uid="20977783">
  <nd ref="13898344979"/>
  <nd ref="13898344980"/>
  <nd ref="13898344981"/>
  <nd ref="13898344982"/>
  <nd ref="13898344979"/>
  <tag k="building" v="house"/>
 </way>
 <way id="1524826675" visible="true" version="1" changeset="183432893" timestamp="2026-05-31T09:07:19Z" user="Smita Wankhede" uid="20977783">
  <nd ref="13898344983"/>
  <nd ref="13898344984"/>
  <nd ref="13898344985"/>
  <nd ref="13898344986"/>
  <nd ref="13898344983"/>
  <tag k="building" v="house"/>
 </way>
 <way id="1524826676" visible="true" version="1" changeset="183432893" timestamp="2026-05-31T09:07:19Z" user="Smita Wankhede" uid="20977783">
  <nd ref="13898344987"/>
  <nd ref="13898344988"/>
  <nd ref="13898344989"/>
  <nd ref="13898344990"/>
  <nd ref="13898344987"/>
  <tag k="building" v="house"/>
 </way>
 <way id="1524826679" visible="true" version="1" changeset="183432893" timestamp="2026-05-31T09:07:19Z" user="Smita Wankhede" uid="20977783">
  <nd ref="13898344999"/>
  <nd ref="13898345000"/>
  <nd ref="13898345001"/>
  <nd ref="13898345002"/>
  <nd ref="13898344999"/>
  <tag k="building" v="house"/>
 </way>
 <way id="1524826680" visible="true" version="1" changeset="183432893" timestamp="2026-05-31T09:07:19Z" user="Smita Wankhede" uid="20977783">
  <nd ref="13898345003"/>
  <nd ref="13898345004"/>
  <nd ref="13898345005"/>
  <nd ref="13898345006"/>
  <nd ref="13898345003"/>
  <tag k="building" v="house"/>
 </way>
 <way id="1524826745" visible="true" version="1" changeset="183432893" timestamp="2026-05-31T09:07:19Z" user="Smita Wankhede" uid="20977783">
  <nd ref="13898345263"/>
  <nd ref="13898345264"/>
  <nd ref="13898345265"/>
  <nd ref="13898345266"/>
  <nd ref="13898345263"/>
  <tag k="building" v="house"/>
 </way>
 <way id="1524826746" visible="true" version="1" changeset="183432893" timestamp="2026-05-31T09:07:19Z" user="Smita Wankhede" uid="20977783">
  <nd ref="13898345267"/>
  <nd ref="13898345268"/>
  <nd ref="13898345269"/>
  <nd ref="13898345270"/>
  <nd ref="13898345267"/>
  <tag k="building" v="house"/>
 </way>
 <way id="1524826747" visible="true" version="1" changeset="183432893" timestamp="2026-05-31T09:07:19Z" user="Smita Wankhede" uid="20977783">
  <nd ref="13898345271"/>
  <nd ref="13898345272"/>
  <nd ref="13898345273"/>
  <nd ref="13898345274"/>
  <nd ref="13898345271"/>
  <tag k="building" v="house"/>
 </way>
 <way id="1524826748" visible="true" version="1" changeset="183432893" timestamp="2026-05-31T09:07:19Z" user="Smita Wankhede" uid="20977783">
  <nd ref="13898345275"/>
  <nd ref="13898345276"/>
  <nd ref="13898345277"/>
  <nd ref="13898345278"/>
  <nd ref="13898345275"/>
  <tag k="building" v="house"/>
 </way>
 <way id="1524826749" visible="true" version="1" changeset="183432893" timestamp="2026-05-31T09:07:19Z" user="Smita Wankhede" uid="20977783">
  <nd ref="13898345279"/>
  <nd ref="13898345280"/>
  <nd ref="13898345281"/>
  <nd ref="13898345282"/>
  <nd ref="13898345279"/>
  <tag k="building" v="house"/>
 </way>
 <way id="1524826750" visible="true" version="1" changeset="183432893" timestamp="2026-05-31T09:07:19Z" user="Smita Wankhede" uid="20977783">
  <nd ref="13898345283"/>
  <nd ref="13898345284"/>
  <nd ref="13898345285"/>
  <nd ref="13898345286"/>
  <nd ref="13898345283"/>
  <tag k="building" v="house"/>
 </way>
 <way id="1524826751" visible="true" version="1" changeset="183432893" timestamp="2026-05-31T09:07:19Z" user="Smita Wankhede" uid="20977783">
  <nd ref="13898345287"/>
  <nd ref="13898345288"/>
  <nd ref="13898345289"/>
  <nd ref="13898345290"/>
  <nd ref="13898345287"/>
  <tag k="building" v="house"/>
 </way>
 <way id="1524826752" visible="true" version="1" changeset="183432893" timestamp="2026-05-31T09:07:19Z" user="Smita Wankhede" uid="20977783">
  <nd ref="13898345291"/>
  <nd ref="13898345292"/>
  <nd ref="13898345293"/>
  <nd ref="13898345294"/>
  <nd ref="13898345291"/>
  <tag k="building" v="house"/>
 </way>
 <way id="1524826753" visible="true" version="1" changeset="183432893" timestamp="2026-05-31T09:07:19Z" user="Smita Wankhede" uid="20977783">
  <nd ref="13898345295"/>
  <nd ref="13898345296"/>
  <nd ref="13898345297"/>
  <nd ref="13898345298"/>
  <nd ref="13898345295"/>
  <tag k="building" v="house"/>
 </way>
 <way id="1524826767" visible="true" version="1" changeset="183432893" timestamp="2026-05-31T09:07:19Z" user="Smita Wankhede" uid="20977783">
  <nd ref="13898345351"/>
  <nd ref="13898345352"/>
  <nd ref="13898345353"/>
  <nd ref="13898345354"/>
  <nd ref="13898345351"/>
  <tag k="building" v="house"/>
 </way>
 <way id="1524826768" visible="true" version="1" changeset="183432893" timestamp="2026-05-31T09:07:19Z" user="Smita Wankhede" uid="20977783">
  <nd ref="13898345355"/>
  <nd ref="13898345356"/>
  <nd ref="13898345357"/>
  <nd ref="13898345358"/>
  <nd ref="13898345355"/>
  <tag k="building" v="house"/>
 </way>
 <way id="1524826769" visible="true" version="1" changeset="183432893" timestamp="2026-05-31T09:07:19Z" user="Smita Wankhede" uid="20977783">
  <nd ref="13898345359"/>
  <nd ref="13898345360"/>
  <nd ref="13898345361"/>
  <nd ref="13898345362"/>
  <nd ref="13898345359"/>
  <tag k="building" v="house"/>
 </way>
 <way id="1524826770" visible="true" version="1" changeset="183432893" timestamp="2026-05-31T09:07:19Z" user="Smita Wankhede" uid="20977783">
  <nd ref="13898345363"/>
  <nd ref="13898345364"/>
  <nd ref="13898345365"/>
  <nd ref="13898345366"/>
  <nd ref="13898345363"/>
  <tag k="building" v="house"/>
 </way>
 <way id="1524826771" visible="true" version="1" changeset="183432893" timestamp="2026-05-31T09:07:19Z" user="Smita Wankhede" uid="20977783">
  <nd ref="13898345367"/>
  <nd ref="13898345368"/>
  <nd ref="13898345369"/>
  <nd ref="13898345370"/>
  <nd ref="13898345367"/>
  <tag k="building" v="house"/>
 </way>
 <way id="1524826772" visible="true" version="1" changeset="183432893" timestamp="2026-05-31T09:07:19Z" user="Smita Wankhede" uid="20977783">
  <nd ref="13898345371"/>
  <nd ref="13898345372"/>
  <nd ref="13898345373"/>
  <nd ref="13898345374"/>
  <nd ref="13898345371"/>
  <tag k="building" v="house"/>
 </way>
 <way id="1524826773" visible="true" version="1" changeset="183432893" timestamp="2026-05-31T09:07:19Z" user="Smita Wankhede" uid="20977783">
  <nd ref="13898345375"/>
  <nd ref="13898345376"/>
  <nd ref="13898345377"/>
  <nd ref="13898345378"/>
  <nd ref="13898345375"/>
  <tag k="building" v="house"/>
 </way>
 <way id="1524826774" visible="true" version="1" changeset="183432893" timestamp="2026-05-31T09:07:19Z" user="Smita Wankhede" uid="20977783">
  <nd ref="13898345379"/>
  <nd ref="13898345380"/>
  <nd ref="13898345381"/>
  <nd ref="13898345382"/>
  <nd ref="13898345379"/>
  <tag k="building" v="house"/>
 </way>
 <way id="1524826775" visible="true" version="1" changeset="183432893" timestamp="2026-05-31T09:07:19Z" user="Smita Wankhede" uid="20977783">
  <nd ref="13898345383"/>
  <nd ref="13898345384"/>
  <nd ref="13898345385"/>
  <nd ref="13898345386"/>
  <nd ref="13898345383"/>
  <tag k="building" v="house"/>
 </way>
 <way id="1524826776" visible="true" version="1" changeset="183432893" timestamp="2026-05-31T09:07:19Z" user="Smita Wankhede" uid="20977783">
  <nd ref="13898345387"/>
  <nd ref="13898345388"/>
  <nd ref="13898345389"/>
  <nd ref="13898345390"/>
  <nd ref="13898345387"/>
  <tag k="building" v="house"/>
 </way>
 <way id="1524826777" visible="true" version="1" changeset="183432893" timestamp="2026-05-31T09:07:19Z" user="Smita Wankhede" uid="20977783">
  <nd ref="13898345391"/>
  <nd ref="13898345392"/>
  <nd ref="13898345393"/>
  <nd ref="13898345394"/>
  <nd ref="13898345391"/>
  <tag k="building" v="house"/>
 </way>
 <way id="1524826778" visible="true" version="1" changeset="183432893" timestamp="2026-05-31T09:07:19Z" user="Smita Wankhede" uid="20977783">
  <nd ref="13898345395"/>
  <nd ref="13898345396"/>
  <nd ref="13898345397"/>
  <nd ref="13898345398"/>
  <nd ref="13898345395"/>
  <tag k="building" v="house"/>
 </way>
 <way id="1524826779" visible="true" version="1" changeset="183432893" timestamp="2026-05-31T09:07:19Z" user="Smita Wankhede" uid="20977783">
  <nd ref="13898345399"/>
  <nd ref="13898345400"/>
  <nd ref="13898345401"/>
  <nd ref="13898345402"/>
  <nd ref="13898345399"/>
  <tag k="building" v="house"/>
 </way>
 <way id="1524826780" visible="true" version="1" changeset="183432893" timestamp="2026-05-31T09:07:19Z" user="Smita Wankhede" uid="20977783">
  <nd ref="13898345403"/>
  <nd ref="13898345404"/>
  <nd ref="13898345405"/>
  <nd ref="13898345406"/>
  <nd ref="13898345403"/>
  <tag k="building" v="house"/>
 </way>
 <way id="1524826781" visible="true" version="1" changeset="183432893" timestamp="2026-05-31T09:07:19Z" user="Smita Wankhede" uid="20977783">
  <nd ref="13898345407"/>
  <nd ref="13898345408"/>
  <nd ref="13898345409"/>
  <nd ref="13898345410"/>
  <nd ref="13898345407"/>
  <tag k="building" v="house"/>
 </way>
 <way id="1524826782" visible="true" version="1" changeset="183432893" timestamp="2026-05-31T09:07:19Z" user="Smita Wankhede" uid="20977783">
  <nd ref="13898345411"/>
  <nd ref="13898345412"/>
  <nd ref="13898345413"/>
  <nd ref="13898345414"/>
  <nd ref="13898345411"/>
  <tag k="building" v="house"/>
 </way>
 <way id="1524826783" visible="true" version="1" changeset="183432893" timestamp="2026-05-31T09:07:19Z" user="Smita Wankhede" uid="20977783">
  <nd ref="13898345415"/>
  <nd ref="13898345416"/>
  <nd ref="13898345417"/>
  <nd ref="13898345418"/>
  <nd ref="13898345415"/>
  <tag k="building" v="house"/>
 </way>
 <way id="1524826784" visible="true" version="1" changeset="183432893" timestamp="2026-05-31T09:07:19Z" user="Smita Wankhede" uid="20977783">
  <nd ref="13898345419"/>
  <nd ref="13898345420"/>
  <nd ref="13898345421"/>
  <nd ref="13898345422"/>
  <nd ref="13898345419"/>
  <tag k="building" v="house"/>
 </way>
 <way id="1524826785" visible="true" version="1" changeset="183432893" timestamp="2026-05-31T09:07:19Z" user="Smita Wankhede" uid="20977783">
  <nd ref="13898345423"/>
  <nd ref="13898345424"/>
  <nd ref="13898345425"/>
  <nd ref="13898345426"/>
  <nd ref="13898345423"/>
  <tag k="building" v="house"/>
 </way>
 <way id="1524826786" visible="true" version="1" changeset="183432893" timestamp="2026-05-31T09:07:19Z" user="Smita Wankhede" uid="20977783">
  <nd ref="13898345427"/>
  <nd ref="13898345428"/>
  <nd ref="13898345429"/>
  <nd ref="13898345430"/>
  <nd ref="13898345427"/>
  <tag k="building" v="house"/>
 </way>
 <way id="1524826787" visible="true" version="1" changeset="183432893" timestamp="2026-05-31T09:07:19Z" user="Smita Wankhede" uid="20977783">
  <nd ref="13898345431"/>
  <nd ref="13898345432"/>
  <nd ref="13898345433"/>
  <nd ref="13898345434"/>
  <nd ref="13898345431"/>
  <tag k="building" v="house"/>
 </way>
 <way id="1524826788" visible="true" version="1" changeset="183432893" timestamp="2026-05-31T09:07:19Z" user="Smita Wankhede" uid="20977783">
  <nd ref="13898345435"/>
  <nd ref="13898345436"/>
  <nd ref="13898345437"/>
  <nd ref="13898345438"/>
  <nd ref="13898345435"/>
  <tag k="building" v="house"/>
 </way>
 <way id="1524826789" visible="true" version="1" changeset="183432893" timestamp="2026-05-31T09:07:19Z" user="Smita Wankhede" uid="20977783">
  <nd ref="13898345439"/>
  <nd ref="13898345440"/>
  <nd ref="13898345441"/>
  <nd ref="13898345442"/>
  <nd ref="13898345439"/>
  <tag k="building" v="house"/>
 </way>
 <way id="1524826790" visible="true" version="1" changeset="183432893" timestamp="2026-05-31T09:07:19Z" user="Smita Wankhede" uid="20977783">
  <nd ref="13898345443"/>
  <nd ref="13898345444"/>
  <nd ref="13898345445"/>
  <nd ref="13898345446"/>
  <nd ref="13898345443"/>
  <tag k="building" v="house"/>
 </way>
 <way id="1524826791" visible="true" version="1" changeset="183432893" timestamp="2026-05-31T09:07:19Z" user="Smita Wankhede" uid="20977783">
  <nd ref="13898345447"/>
  <nd ref="13898345448"/>
  <nd ref="13898345449"/>
  <nd ref="13898345450"/>
  <nd ref="13898345447"/>
  <tag k="building" v="house"/>
 </way>
 <way id="1524826792" visible="true" version="1" changeset="183432893" timestamp="2026-05-31T09:07:19Z" user="Smita Wankhede" uid="20977783">
  <nd ref="13898345451"/>
  <nd ref="13898345452"/>
  <nd ref="13898345453"/>
  <nd ref="13898345454"/>
  <nd ref="13898345451"/>
  <tag k="building" v="house"/>
 </way>
 <way id="1524826793" visible="true" version="1" changeset="183432893" timestamp="2026-05-31T09:07:19Z" user="Smita Wankhede" uid="20977783">
  <nd ref="13898345455"/>
  <nd ref="13898345456"/>
  <nd ref="13898345457"/>
  <nd ref="13898345458"/>
  <nd ref="13898345455"/>
  <tag k="building" v="house"/>
 </way>
 <way id="1524826794" visible="true" version="1" changeset="183432893" timestamp="2026-05-31T09:07:19Z" user="Smita Wankhede" uid="20977783">
  <nd ref="13898345459"/>
  <nd ref="13898345460"/>
  <nd ref="13898345461"/>
  <nd ref="13898345462"/>
  <nd ref="13898345459"/>
  <tag k="building" v="house"/>
 </way>
 <way id="1524826795" visible="true" version="1" changeset="183432893" timestamp="2026-05-31T09:07:19Z" user="Smita Wankhede" uid="20977783">
  <nd ref="13898345463"/>
  <nd ref="13898345464"/>
  <nd ref="13898345465"/>
  <nd ref="13898345466"/>
  <nd ref="13898345463"/>
  <tag k="building" v="house"/>
 </way>
 <way id="1524826796" visible="true" version="1" changeset="183432893" timestamp="2026-05-31T09:07:19Z" user="Smita Wankhede" uid="20977783">
  <nd ref="13898345467"/>
  <nd ref="13898345468"/>
  <nd ref="13898345469"/>
  <nd ref="13898345470"/>
  <nd ref="13898345467"/>
  <tag k="building" v="house"/>
 </way>
 <way id="1524826797" visible="true" version="1" changeset="183432893" timestamp="2026-05-31T09:07:19Z" user="Smita Wankhede" uid="20977783">
  <nd ref="13898345471"/>
  <nd ref="13898345472"/>
  <nd ref="13898345473"/>
  <nd ref="13898345474"/>
  <nd ref="13898345471"/>
  <tag k="building" v="house"/>
 </way>
 <way id="1524826798" visible="true" version="1" changeset="183432893" timestamp="2026-05-31T09:07:19Z" user="Smita Wankhede" uid="20977783">
  <nd ref="13898345475"/>
  <nd ref="13898345476"/>
  <nd ref="13898345477"/>
  <nd ref="13898345478"/>
  <nd ref="13898345475"/>
  <tag k="building" v="house"/>
 </way>
 <way id="1524826799" visible="true" version="1" changeset="183432893" timestamp="2026-05-31T09:07:19Z" user="Smita Wankhede" uid="20977783">
  <nd ref="13898345479"/>
  <nd ref="13898345480"/>
  <nd ref="13898345481"/>
  <nd ref="13898345482"/>
  <nd ref="13898345479"/>
  <tag k="building" v="house"/>
 </way>
 <way id="1524830037" visible="true" version="1" changeset="183433928" timestamp="2026-05-31T09:30:03Z" user="Smita Wankhede" uid="20977783">
  <nd ref="13898342050"/>
  <nd ref="13898342051"/>
  <nd ref="13898342052"/>
  <nd ref="13898342053"/>
  <nd ref="13898342050"/>
  <tag k="building" v="house"/>
 </way>
 <way id="1524830038" visible="true" version="1" changeset="183433928" timestamp="2026-05-31T09:30:03Z" user="Smita Wankhede" uid="20977783">
  <nd ref="13898342054"/>
  <nd ref="13898342055"/>
  <nd ref="13898342056"/>
  <nd ref="13898342057"/>
  <nd ref="13898342054"/>
  <tag k="building" v="house"/>
 </way>
 <way id="1524830039" visible="true" version="1" changeset="183433928" timestamp="2026-05-31T09:30:03Z" user="Smita Wankhede" uid="20977783">
  <nd ref="13898342058"/>
  <nd ref="13898342059"/>
  <nd ref="13898342060"/>
  <nd ref="13898342061"/>
  <nd ref="13898342058"/>
  <tag k="building" v="house"/>
 </way>
 <way id="1524830040" visible="true" version="1" changeset="183433928" timestamp="2026-05-31T09:30:03Z" user="Smita Wankhede" uid="20977783">
  <nd ref="13898342062"/>
  <nd ref="13898342063"/>
  <nd ref="13898342064"/>
  <nd ref="13898342065"/>
  <nd ref="13898342062"/>
  <tag k="building" v="house"/>
 </way>
 <way id="1524830041" visible="true" version="1" changeset="183433928" timestamp="2026-05-31T09:30:03Z" user="Smita Wankhede" uid="20977783">
  <nd ref="13898342066"/>
  <nd ref="13898342067"/>
  <nd ref="13898342068"/>
  <nd ref="13898342069"/>
  <nd ref="13898342066"/>
  <tag k="building" v="house"/>
 </way>
 <way id="1524830042" visible="true" version="1" changeset="183433928" timestamp="2026-05-31T09:30:03Z" user="Smita Wankhede" uid="20977783">
  <nd ref="13898342070"/>
  <nd ref="13898342071"/>
  <nd ref="13898342072"/>
  <nd ref="13898342073"/>
  <nd ref="13898342070"/>
  <tag k="building" v="house"/>
 </way>
 <way id="1524830043" visible="true" version="1" changeset="183433928" timestamp="2026-05-31T09:30:03Z" user="Smita Wankhede" uid="20977783">
  <nd ref="13898342074"/>
  <nd ref="13898342075"/>
  <nd ref="13898342076"/>
  <nd ref="13898342077"/>
  <nd ref="13898342074"/>
  <tag k="building" v="house"/>
 </way>
 <way id="1524830044" visible="true" version="1" changeset="183433928" timestamp="2026-05-31T09:30:03Z" user="Smita Wankhede" uid="20977783">
  <nd ref="13898342078"/>
  <nd ref="13898342079"/>
  <nd ref="13898342080"/>
  <nd ref="13898342081"/>
  <nd ref="13898342078"/>
  <tag k="building" v="house"/>
 </way>
 <way id="1524830045" visible="true" version="1" changeset="183433928" timestamp="2026-05-31T09:30:03Z" user="Smita Wankhede" uid="20977783">
  <nd ref="13898342082"/>
  <nd ref="13898342083"/>
  <nd ref="13898342084"/>
  <nd ref="13898342085"/>
  <nd ref="13898342082"/>
  <tag k="building" v="house"/>
 </way>
 <way id="1524830046" visible="true" version="1" changeset="183433928" timestamp="2026-05-31T09:30:03Z" user="Smita Wankhede" uid="20977783">
  <nd ref="13898342086"/>
  <nd ref="13898342087"/>
  <nd ref="13898342088"/>
  <nd ref="13898342089"/>
  <nd ref="13898342086"/>
  <tag k="building" v="house"/>
 </way>
 <way id="1524830047" visible="true" version="1" changeset="183433928" timestamp="2026-05-31T09:30:03Z" user="Smita Wankhede" uid="20977783">
  <nd ref="13898342090"/>
  <nd ref="13898342091"/>
  <nd ref="13898342092"/>
  <nd ref="13898342093"/>
  <nd ref="13898342090"/>
  <tag k="building" v="house"/>
 </way>
 <way id="1524830048" visible="true" version="1" changeset="183433928" timestamp="2026-05-31T09:30:03Z" user="Smita Wankhede" uid="20977783">
  <nd ref="13898342094"/>
  <nd ref="13898342095"/>
  <nd ref="13898342096"/>
  <nd ref="13898342097"/>
  <nd ref="13898342094"/>
  <tag k="building" v="house"/>
 </way>
 <way id="1524830049" visible="true" version="1" changeset="183433928" timestamp="2026-05-31T09:30:03Z" user="Smita Wankhede" uid="20977783">
  <nd ref="13898342098"/>
  <nd ref="13898342099"/>
  <nd ref="13898342100"/>
  <nd ref="13898372401"/>
  <nd ref="13898342098"/>
  <tag k="building" v="house"/>
 </way>
 <way id="1524830135" visible="true" version="1" changeset="183433928" timestamp="2026-05-31T09:30:03Z" user="Smita Wankhede" uid="20977783">
  <nd ref="13898372742"/>
  <nd ref="13898372743"/>
  <nd ref="13898372744"/>
  <nd ref="13898372745"/>
  <nd ref="13898372742"/>
  <tag k="building" v="house"/>
 </way>
</osm>
